tradition,path,num_components
Carnatic,dc1d1aa8-0ee2-4d2b-a506-c62fa00779ea,1
Carnatic,8bb04922-2421-47cc-b464-7d556c91a952,1
Carnatic,7e43c413-89d0-491c-add2-2b1520d7cb33,1
Carnatic,2b71b02d-816e-4e58-8023-4f33f8578525,1
Carnatic,fee6e655-7741-4945-8a01-c2f3d12566e7,1
Carnatic,cb280397-4e13-448e-9bd7-97105b2347dc,1
Carnatic,25a56baf-53f7-4320-92bc-66157c52f6fa,1
Carnatic,9aa2770a-c170-4db9-9657-14a74024bc31,1
Carnatic,7217f9d0-3bdd-4415-af50-507a8257c44e,1
Carnatic,6b8184f2-c45d-4065-9269-3e9a73fc2fdc,1
Carnatic,59c671be-6055-431f-bebf-9fc0fe428de9,1
Carnatic,c73d9043-f739-4a6e-887f-be32ddde73a7,1
Carnatic,09d56269-1fd8-4fb5-928c-71605ed01e17,1
Carnatic,766235e1-3c93-4181-bb7d-31623f3bfd2d,1
Carnatic,66388b2a-d7d5-44d1-8464-4b5eeff1af6a,1
Carnatic,cc475479-1358-41de-a76a-5f792b89a02d,1
Carnatic,14f9192e-8f5d-4945-9362-05ba1b9fa4b2,1
Carnatic,cbaaed89-0227-431e-a700-08dcd9d099c2,1
Carnatic,3658fd19-de11-491d-b0a2-a73510e22628,1
Carnatic,75a6e70e-916d-46fd-ad12-0d8a7161384b,1
Carnatic,4e2926d1-7e00-4097-8634-71984c291c46,1
Carnatic,99f7baf2-78fe-4579-b4ed-b6d7e2257bc3,1
Carnatic,2e648aa2-2172-4ab8-b43a-485213ca4d5f,1
Carnatic,15cd462a-08c2-4341-aa2e-061711712fcb,1
Carnatic,b8af04ff-bcec-4f6f-bcbc-c4862ef358aa,1
Carnatic,30c4acdb-a142-45cd-8096-cc245fc6d255,1
Carnatic,7bd17853-6bc5-456e-a7f0-87ad6dd64087,1
Carnatic,bec3b237-0a03-4011-9d8b-394415b0a6b2,1
Carnatic,dc885903-1ee0-418a-9f49-6abd0923cd41,1
Carnatic,2f9b5ddc-f253-46be-a316-36f9ce111b9e,1
Carnatic,5853dea4-9f86-4f62-8f47-abc520f3493e,1
Carnatic,c5e32bf4-2cb1-47fc-a3fd-c855e0e2cd40,1
Carnatic,7fc949e2-a9b0-49e8-9b26-0eb321d3e31d,1
Carnatic,2f9db2e1-0273-4b06-850b-66af589b9791,1
Carnatic,9bac6a08-158e-42eb-8a9b-4ad5b90a6e1a,1
Carnatic,72b03d0a-cde3-444a-bf08-bb280d6c44bb,1
Carnatic,d17fc49c-5c9a-4dd2-9e1e-334078473e63,1
Carnatic,e04099ec-199a-4c5e-ac5f-5fac19759add,1
Carnatic,46cea833-d338-468d-a00d-393efa64c94e,1
Carnatic,3ffea960-050c-4f63-b944-5eaa78fd6bce,1
Carnatic,7aa54c2b-0adc-45b9-9a1a-f184abcdf950,1
Carnatic,a899e45e-b7ba-40d3-be00-fe4f35351f09,1
Carnatic,8e07413a-9b7d-4be2-a2ae-0ca1ce28c6a1,1
Carnatic,3e9f9dc3-7f64-4561-a2c1-80dd9fa66ebc,1
Carnatic,aee1e256-38fc-4721-9cc9-403542ac0b94,1
Carnatic,30ed13b0-58ac-48af-b8ac-f2c14ddbd71a,1
Carnatic,bbee764d-7406-47ce-821a-a82030b89eca,1
Carnatic,c81aa59b-bcc7-4199-a27a-0ded0764c8f3,1
Carnatic,97a7ceaa-9f02-4c0e-ab16-eff9057c88a8,1
Carnatic,7cd313af-89ea-480e-92a1-e25789a9d076,1
Carnatic,93a70e18-c3ba-4c72-b8d1-85f87d0c9e36,1
Carnatic,46c4267b-f2c8-4fd7-8423-d7cc648395bb,1
Carnatic,5226b897-06fc-4032-9766-66e5b19e74fb,1
Carnatic,a2726509-4558-4e35-ad31-2ad844709928,1
Carnatic,9a6e70ab-af0f-477a-a5e9-215b51cf3b43,1
Carnatic,e57d03ee-098c-4612-a1aa-988a653bfe41,1
Carnatic,0797f895-c946-4b38-a19e-0c45537140c4,1
Carnatic,d793dcb8-74c4-4280-a4f5-4e89e266f4c4,1
Carnatic,1e3e10ad-93ed-439e-85b6-de67cd362d05,1
Carnatic,5c1ae6ac-ada7-45df-b807-812a81f20cad,1
Carnatic,e7776320-8766-4568-9b08-05369bf2ad64,1
Carnatic,16fbd94c-b09c-44d9-8d0f-841ada1b62c7,1
Carnatic,4bdce886-d7f1-4076-b2c8-ee94096be9e5,1
Carnatic,1faf01d1-2228-4547-9ff0-1866cd2fd73e,1
Carnatic,ae79b563-7d5e-4c31-b2f9-7cf7db1da1c1,1
Carnatic,996e9edf-ea0b-4ff6-a062-3cc7f563b56e,1
Carnatic,987d70fc-536f-4190-a503-6bc3495209bb,1
Carnatic,0d7e1620-60ad-472f-8287-abac88966c46,1
Carnatic,83ac0d01-9145-41a7-96fc-3ddb31d5a391,1
Carnatic,e26cf70c-ce6c-47c2-b7bf-199f2cdd5a62,1
Carnatic,d25f460b-3e95-406c-bb65-8c1969e2c49c,1
Carnatic,df4ee485-0df2-46ae-9587-7f942dc2ffcb,1
Carnatic,938abacd-5797-46d5-9b70-5512ef4d2dac,1
Carnatic,9bb4aa9f-1e14-4193-876d-261a4d8f59f4,1
Carnatic,0a1c2ae7-e933-458d-afac-fa081338d5de,1
Carnatic,5c342c56-c07a-4905-89cc-bd5d1151d20a,1
Carnatic,ea8bdd2b-0817-4619-8418-a38d9aebc60a,1
Carnatic,a32ba9dd-a764-4719-a3ce-8f1469b6291b,1
Carnatic,f4c81624-5c23-4e26-a943-bfe12acd30ce,1
Carnatic,a8ecff2f-f2ce-406f-a7a9-a5976b99521c,1
Carnatic,2c9b2068-8f64-471e-be2f-fccae2452d5c,1
Carnatic,ad5cf4d4-4c08-4509-84d1-2510df9795ba,1
Carnatic,0e2350f2-bf49-4bf6-8c5c-83fee8e6c396,1
Carnatic,b45961aa-9f9a-4f07-ae72-207135d3a679,1
Carnatic,ca18525c-79b5-4cc9-aba6-095830c2307e,1
Carnatic,3cbe1ecb-896f-48d3-948d-bc0c76dc2687,1
Carnatic,32a6b005-6be5-4212-88c9-db67ec330724,1
Carnatic,f6c659e6-abbf-4eb8-aacb-105056d7b47f,1
Carnatic,e192bf26-c5eb-477a-9899-406732a7893c,1
Carnatic,7fe952a8-6aa2-4002-89ff-659cb59bb1b5,1
Carnatic,a03969da-2995-4991-9634-2b8904d4a2ad,1
Carnatic,39dcbd24-412a-4b2d-b287-cfa5166fc8cc,1
Carnatic,fe51dc11-c10d-42a6-a198-df4b7975c4af,1
Carnatic,167129a1-d931-4d86-a27d-7ce609944148,1
Carnatic,66cfbbdb-444b-4155-9565-3dee209775de,1
Carnatic,9bc3bca7-3360-4e6a-9c60-d38bfc2da752,1
Carnatic,bab265f4-6e15-4011-a748-0ca239c4512a,1
Carnatic,ef263b32-e247-4683-a9b6-e09e77c79c9b,1
Carnatic,31ca1f76-ce7a-42f4-b429-ca43ef6b2ba1,1
Carnatic,cfaa7cb6-4a84-4a93-b3a9-371f5bf1b0bb,1
Carnatic,5fa0bcfd-c71e-4d6f-940e-0cef6fbc2a32,1
Carnatic,6c6ad237-dab0-4598-b247-b8a19324a26c,1
Carnatic,68bcad2f-b0b3-485f-ad5f-7edf9d783551,1
Carnatic,83dba5f0-3a3f-48df-9080-fc3958c72db0,1
Carnatic,7449a3b4-15d0-4825-ac59-5c834bfac26f,1
Carnatic,39f9fa65-d4ee-4ffc-b80b-af11d57a814e,1
Carnatic,b72e0c1f-3d56-425e-a528-5e8275e1e49d,1
Carnatic,a3dc0349-d629-4ccf-88be-4b4e9bedb104,1
Carnatic,097f72f8-0fd2-4dd6-ba90-d03d5cbcc534,1
Carnatic,68f26dd3-5974-460f-b43c-31a90cfe9b54,1
Carnatic,2e60e4ab-f247-4c52-b48a-4fa24f24fd8c,1
Carnatic,939a7796-21bf-47ae-92c2-b2e4fb7a715d,1
Carnatic,4434f3a0-f11a-4027-95c8-cdefb92237cf,1
Carnatic,1587bdd5-60b6-481e-9a30-60525607850f,1
Carnatic,f4d9c392-8347-4679-b6bf-1955dae5e2d4,1
Carnatic,871f3954-7bfd-4257-9bb1-c0688bfad6bf,1
Carnatic,851295a3-6f00-47e5-b99f-28523e02acfa,1
Carnatic,7683b392-1b5b-4c4e-bdfc-683c22e0898f,1
Carnatic,ff71cc92-c19d-4788-9754-709cdbceb1c8,1
Carnatic,a6ed61c4-e82d-4191-8181-b3997cb4e137,1
Carnatic,9b96cd00-2e25-4adb-a1b3-40d8f4a88068,1
Carnatic,2090d3b6-e738-43bd-ba59-0e3836e6226f,1
Carnatic,5af96daf-cca1-412d-bcac-7014f6629ef5,1
Carnatic,f769247c-e0c7-4078-8c5a-6741d12d06dd,1
Carnatic,9c8810e5-178a-46df-a619-a89a547c53dd,1
Carnatic,07f75444-5832-468e-b317-876bc290ff03,1
Carnatic,4fb8af33-df20-48dc-ad21-0eeb7eb47c91,1
Carnatic,65e824a1-9527-44e5-b272-486525b3061b,1
Carnatic,4a527c12-a289-4455-adae-7763b8c06f60,1
Carnatic,f42aa3c4-3614-411e-9a10-f38cd33f3f11,1
Carnatic,afd1f1c8-ecf2-46aa-ac68-09e92d10f071,1
Carnatic,8ea50416-583b-4a7f-891c-dc21b1a3c2c9,1
Carnatic,4e423cf6-61e5-4ab7-94cf-91442aff9aee,1
Carnatic,829df365-78bc-4157-9346-5a3b39bf12a5,1
Carnatic,d9542546-7944-42f2-9c26-4d648cc25d80,1
Carnatic,cb4a75f3-0005-4311-bd4c-2fa97da53bf3,1
Carnatic,e8027bb2-7550-4da5-afed-e40e353d497b,1
Carnatic,2cdd41f6-4433-4341-ac7f-132937989bf9,1
Carnatic,b87b9d73-ecb0-405a-a921-5e50e14608fa,1
Carnatic,9066abf7-10c4-4b8b-8527-354ffe82e0c9,1
Carnatic,ee2284fb-8524-4956-8dfd-0e25d67d7081,1
Carnatic,18f47952-597e-425d-b048-9c5e2490e589,1
Carnatic,51e39d29-8dc6-4623-910e-40baba083c96,1
Carnatic,958dbe4f-d910-425b-91de-3125f08a0a6c,1
Carnatic,ab83b92e-f38d-41e1-92ed-dbd6fbe4365f,1
Carnatic,e554f08b-8af2-4336-a107-32e8b8d2c591,1
Carnatic,be745323-9c2a-4a99-ba63-db1fe9da75a3,1
Carnatic,32d1f914-ee6d-497e-9d88-5a6544f56fac,1
Carnatic,6a698b2d-b27e-49ad-b09a-7d4a83f1c866,1
Carnatic,3a79af7a-b14d-4176-b673-8ec4e362dd8d,1
Carnatic,bb84c16a-f627-497c-9788-ec541337e335,1
Carnatic,3baa722d-480e-4ae7-8559-a88dce41e1d4,1
Carnatic,33d38621-7d7a-4897-9bf4-60c33c6574ae,1
Carnatic,324f3ce4-a77c-49ac-a98c-70511169b09e,1
Carnatic,1b522203-3dc5-4348-8bdb-3a7f3ac2a485,1
Carnatic,4bed9a94-ebd7-4c2f-a6de-a630c5bfff1d,1
Carnatic,55b95444-5504-4775-a49e-cf1b152d7a85,1
Carnatic,21b210ec-6161-47e6-96fa-64a8bdcfadc9,1
Carnatic,35b62e92-a2b3-48ad-8312-c1d262062b2d,1
Carnatic,faa698d4-40c2-4c2e-9a9a-ce28619d13f6,1
Carnatic,874a5b30-2eed-4760-8fba-431a4f290dcc,1
Carnatic,13e9f408-0984-471e-ab08-e781e9a13f1d,1
Carnatic,bc6f2cbc-abe3-4bba-b4b4-a876710b7650,1
Carnatic,0cc1dc29-05af-42eb-8b87-7d15d706d7a6,1
Carnatic,f72ca0c9-fd84-432a-9904-e6327220044f,1
Carnatic,5af4f0d2-9577-4059-aa79-c870bcdd0a6e,1
Carnatic,32961da8-7899-43d8-9e18-afe9142dbcf0,1
Carnatic,9b5b7fe8-178c-4af3-bcb7-6964d4511752,1
Carnatic,df035266-18b0-4609-95b0-544d315cf928,1
Carnatic,4b327e7a-6146-4f44-a5ff-b4c099a8bfb5,1
Carnatic,25a4995d-43f1-49bd-8c54-a0011e4d8094,1
Carnatic,f3ab2db7-3d30-432a-88d0-a21db4286468,1
Carnatic,288a73f9-c6eb-4425-a7f2-d20e0b607e84,1
Carnatic,d81fb8b2-3222-49f9-aeb1-b46f733692ad,1
Carnatic,73e1c432-8129-4f68-89c3-4ae7a338d658,1
Carnatic,4aedf807-1592-4d25-a5dc-d3f972e1a210,1
Carnatic,71d1b4f4-d8d9-43f3-a901-672e9b438ebd,1
Carnatic,48916e31-9227-4af0-9adc-722f4f6696ce,1
Carnatic,3c3e6280-30d0-4ed9-ab95-f06def0f7110,1
Carnatic,507dee76-e260-469e-a4a8-122e69168333,1
Carnatic,cec7730b-e762-42db-bd1f-547466d85711,1
Carnatic,225e1609-23af-44af-a360-5e1f5518caae,1
Carnatic,a5bd8893-27f6-4abe-9091-d11a70a0de31,1
Carnatic,48fd5c6f-5e4a-4035-b04e-ba792f5d0b50,1
Carnatic,98b8d96f-9700-49f7-b30d-984ccf9294fd,1
Carnatic,7c2e1332-e81f-472c-84f9-882e1201f440,1
Carnatic,02ad2973-28de-4695-af92-01d2acd604f5,1
Carnatic,cdfd8ced-ce49-4782-86b7-de6e1120749e,1
Carnatic,0ded0c52-7f15-4140-b45a-ca829106d053,1
Carnatic,7f3e0c2c-ff3e-4a9a-853f-159269f88941,1
Carnatic,f8a59e96-d548-4ac1-bed6-9cee22fcf23a,1
Carnatic,d485028d-a42c-4a03-a5b9-c927b9eb8b85,1
Carnatic,22601164-1342-42ae-9a27-02a9a657bb55,1
Carnatic,cf329be4-2426-453e-91f3-6288f7a57e34,1
Carnatic,b9ba191d-5e96-4a6e-a185-5ecaf4f3eb58,1
Carnatic,64fe1441-a9a0-4a3f-86e6-91321958668e,1
Carnatic,09bd5b5f-1b57-4269-aa76-e3bb87471743,1
Carnatic,4555a5d2-138f-4846-8528-7ecf62b2ebc3,1
Carnatic,417965fd-81b5-4d00-8cad-f2eb3b9d9315,1
Carnatic,d890ff13-7f25-4095-bc15-194af4e2d9a1,1
Carnatic,1520c037-248b-46c8-8eab-65e31d3f3b08,1
Carnatic,bd9c9aef-6b6d-4138-aff5-724f123becd1,1
Carnatic,9ba2ceb8-c6a0-4320-a0be-ed4e6783e810,1
Carnatic,900787dd-83ef-41b9-9d3e-f3ee1e505d52,1
Carnatic,4e6cbf46-d311-4912-91cf-e74ea1f97929,1
Carnatic,d6667e3e-752d-4553-89e9-aaa24064ae21,1
Carnatic,06621248-2527-4295-ba08-fba2e7f086ca,1
Carnatic,3f3e341e-38d7-4479-8780-359f8e554195,1
Carnatic,e86ad9e2-2b4b-442e-a069-6039d73529e9,1
Carnatic,705ebab8-cabd-4d6b-a12e-9fe4e2022613,1
Carnatic,6c860efd-82e8-4df5-8c54-ec212edeb888,1
Carnatic,6cbaa215-c8ac-416c-bbc7-2a04bf277843,1
Carnatic,d795d8e4-d91e-4f7b-a994-744433e5f5ed,1
Carnatic,3689ff42-2ed3-4d2f-b448-6083bdde2db5,1
Carnatic,f807bd1b-f80b-4d0f-b7a7-984ef7b0599c,1
Carnatic,0f2006e9-ce85-47c2-a45b-de3586662d99,1
Carnatic,424bbbd7-371e-4963-b763-032fbb128d41,1
Carnatic,5c6025b5-9d32-4e99-85b5-b354837b90d7,1
Carnatic,e5c3c2c7-ffde-487e-93f0-de356d719c22,1
Carnatic,c29f2085-b51f-4ec6-a977-879538a29549,1
Carnatic,e2548ebd-d52d-4343-b78d-fa32e337362d,1
Carnatic,6c8e13df-972a-4385-9a97-097f75c80576,1
Carnatic,4a596435-7fa4-43c7-9739-ddf281947868,1
Carnatic,1e6adf52-e4e4-4835-9117-4babaa58e9e0,1
Carnatic,ce814724-6dd5-4fe0-8526-616e4f89b3e2,1
Carnatic,523a60bf-3060-4e07-9907-0435b76114be,1
Carnatic,029adb58-0f47-4c96-8f12-b7e31fc889bb,1
Carnatic,b28b4219-04e4-44e3-a37e-25f94705a594,1
Carnatic,de53bd66-536b-4929-88b1-9fe07eaa0121,1
Carnatic,ac58786c-3938-4d93-9e9f-bbc3a56265fa,1
Carnatic,1634762f-a482-473c-935c-7883f16f26cb,1
Carnatic,507cb9b4-36c9-449a-a7e5-31d6b26ca1ff,1
Carnatic,bc4fe9b6-0ccd-4c84-b591-d035b9369993,1
Carnatic,0f212bc3-4ea9-47ef-baa2-b696ca7a2f90,1
Carnatic,7970115a-cc46-4678-a067-e47236435ba7,1
Carnatic,6f5c24f4-e570-436f-a8a9-b2a3d74a34d2,1
Carnatic,dc1c1ce3-3267-4561-920d-9ea6b157cfdf,1
Carnatic,8ee9abee-f169-4b75-a742-11072917b8ed,1
Carnatic,0096a390-e1dd-4e29-a4c9-2e92352535c4,1
Carnatic,57c51790-e088-4790-ab35-a6aa67822157,1
Carnatic,e94896a8-a5a8-4e9e-b5e9-3e5f2e956900,1
Carnatic,cd85cecd-3acf-48a9-8eb0-f6ffda52cfa1,1
Carnatic,9f74f37a-0763-4098-9a15-928911c59f7d,1
Carnatic,e25c4aff-c744-4011-8087-935b9c648dca,1
Carnatic,4b1065d7-084a-437c-bae5-f6e9f3b9f71c,1
Carnatic,73ecd4a2-fb9d-4c4d-a7c6-12490e6b1d3f,1
Carnatic,ff769ac1-cc9f-4ff2-a5f5-1392d8f885e4,1
Carnatic,6e615445-2878-4441-8d71-f4d5cbbf252c,1
Carnatic,bdc67542-86ca-4d8c-9733-987ce8c6f3a2,1
Carnatic,ca5c5c46-47d9-4fa9-a5d8-ab6120940a6d,1
Carnatic,e9b19186-37a9-4048-855b-5d61446a65b8,1
Carnatic,a3a507b9-658f-402e-b11f-4ad4f90f2fa8,1
Carnatic,189d1ce0-1c6d-4038-b28f-d55245039fcd,1
Carnatic,5269b678-e274-4732-a906-4b17607df9c3,1
Carnatic,5c24dc68-51e2-4ce5-a7c7-74f160482e2b,1
Carnatic,6c3bec9b-0afd-4033-a15c-7134205b2a7e,1
Carnatic,58c2c5cf-b258-4f32-a15a-6a9f2b5acd88,1
Carnatic,60e79cac-afd0-4b3f-ab90-6c925583a60c,1
Carnatic,06877163-9cb0-4f0f-b43c-e2892498e891,1
Carnatic,c850653f-357e-402b-aa22-07f2f5fc85a1,1
Carnatic,7f27f2a1-9fc9-4985-9110-7d28284a577c,1
Carnatic,d554c4c1-b126-425a-9edd-ece4a02641f8,1
Carnatic,fb46590f-2ebe-4d45-bbeb-143b5d9a1240,1
Carnatic,1f33403a-d774-4338-9414-5353e22419d4,1
Carnatic,6f0a54e1-4dc0-4b3e-9482-94670862d8bf,1
Carnatic,eab9870a-5dcb-4711-874a-6b27420d7f9b,1
Carnatic,34954764-c897-48c6-b8d2-f50b682e29d8,1
Carnatic,2bade8d8-1cfa-4076-9329-98f7cacc65a0,1
Carnatic,955574f7-453e-4625-862d-fc277409b52f,1
Carnatic,378ab482-9d87-47b7-9471-5f5c65923339,1
Carnatic,56946cdc-f9ea-4951-8033-4e6c9d2151a4,1
Carnatic,c44e3435-ac80-4543-bdea-fa975ca3480f,1
Carnatic,68f2f8bf-c53f-4180-95b1-4ee08a94b7bd,1
Carnatic,5020d866-f282-41d6-b653-39f930f83c8c,1
Carnatic,17b24021-3716-4de5-907c-8105e0219647,1
Carnatic,b9a9e691-9dda-4991-b2c7-d114a56e3ff1,1
Carnatic,9f5a5452-14cb-4af0-9289-4833854ee60d,1
Carnatic,e692d4fb-cf20-4d4f-a40f-d538d61f10b3,1
Carnatic,08f924be-a91c-4493-9d95-63260cb5c8f4,1
Carnatic,da9db033-54a1-4b1b-8fc1-6f7635002e61,1
Carnatic,698d6fc2-4b81-480b-bc31-59581da78316,1
Carnatic,366d4d2b-c450-4f3e-be3c-ab069c18aeb8,1
Carnatic,fb839656-ac38-44a3-81d7-babaafd864cc,1
Carnatic,d6b02b8d-ae96-4a43-a8a5-2cc830761cce,1
Carnatic,bae68558-8dc9-4eb5-a62a-94ef084f8e20,1
Carnatic,f9a48fa0-0392-4f00-af73-dfdc5b464744,1
Carnatic,09695a4a-ae57-4b99-9baf-cb473dfd7e74,1
Carnatic,56c85b63-ffa3-4ba4-8112-6ffcfb387162,1
Carnatic,54efb599-d288-4fb6-b94c-697d135d88e8,1
Carnatic,170970da-a19a-462d-8dae-4ece614f2780,1
Carnatic,1e2f83ca-b0ce-4f12-a571-037cdc676738,1
Carnatic,5c9a2570-96d7-47c9-8370-4f3162e8f899,1
Carnatic,59e46971-2162-432a-88d8-e0ced845c424,1
Carnatic,442715a3-31f8-494a-a694-9c571e7c38ea,1
Carnatic,4669d3e9-73a4-4fee-a2a8-4895c63f07fc,1
Carnatic,c1ac37ed-c877-4d86-b1ad-ccf1499adc16,1
Carnatic,8086a3cb-fe50-40a5-9338-f6b3d42b0ca8,1
Carnatic,f6b18423-2401-439b-b2f6-6c0156a5a05c,1
Carnatic,41a138f7-59a4-4ef9-ae37-5b9fd097269c,1
Carnatic,9d8a5fd9-0a2d-4411-aff4-ca67698a27ec,1
Carnatic,738433ad-9009-44df-80c0-6febc57e4ce8,1
Carnatic,87d2a5b0-59cf-4c4d-8e85-2215fd5924de,1
Carnatic,74e4dea1-0300-4497-bdbb-48048c7be415,1
Carnatic,8bb870f5-f6b5-4219-8df4-244346508a1e,1
Carnatic,4f54c24e-3109-4e54-9780-768ccc5a0b52,1
Carnatic,d82f13b6-390f-467e-bd35-dc040b6667e3,1
Carnatic,bce736e0-4ec1-4b08-b3c2-94c6709ae066,1
Carnatic,2922757b-5a42-48b9-9f2e-7a4ae6b6073c,1
Carnatic,32806112-2104-4df2-972e-a527be20e82a,1
Carnatic,1d04eed5-b4b4-45d7-9103-3fa52cbd520d,1
Carnatic,512e78a4-5314-4ad8-b9ba-80644684891c,1
Carnatic,4dbae837-0d98-4921-b45c-e3be48a1f9b0,1
Carnatic,dd4a77c6-1a5e-4784-80cd-f82e0a53654a,1
Carnatic,86a880c8-7d18-445c-b107-9bec44cbc3c9,1
Carnatic,c44b016a-aa9f-48f9-8007-175b7b38bd54,1
Carnatic,902b21c0-985b-4b6b-a30e-c3c505b69fb1,1
Carnatic,68d1c809-bfbc-4077-888e-c115bcfaedc1,1
Carnatic,86eed816-376a-4e69-a81a-da7c5fbea820,1
Carnatic,9163a2a8-333e-45d6-b182-c8cd06ce582c,1
Carnatic,0ba5d4d1-037b-4dcc-ae0c-c832a7681b89,1
Carnatic,92c61c93-4a02-457e-8416-30af03d207dd,1
Carnatic,f703d83f-374c-41e7-a9fe-92b10c5678cf,1
Carnatic,2c666f9b-17ae-4b27-8d29-a2bb49c2c2f5,1
Carnatic,e4bb9f6a-495a-4f6f-9618-9d86a9693bc2,1
Carnatic,6ba73b55-24e8-4efd-befc-1c8c163f2e17,1
Carnatic,96ea7753-a2cc-4cf5-be0e-042acd56d29c,1
Carnatic,f40e7c2f-39da-4d98-8db6-4fb2739a87bf,1
Carnatic,1c0836c6-d7d8-4ceb-96c5-9c968cd41442,1
Carnatic,b981ddfa-9899-4740-8190-21eb7b15548b,1
Carnatic,7e8015eb-ca83-464d-aec6-ee0f50ab1186,1
Carnatic,6fb9eab4-fcb3-4488-8222-8cc7acdf7133,1
Carnatic,f82168ed-a0b1-4937-82d6-49c162609e10,1
Carnatic,97bdb44f-962c-45bf-8380-f9626ee00851,1
Carnatic,fafd1a88-325d-4daa-999e-9dfdba4853ba,1
Carnatic,b09089ff-2cb2-4d3e-b10d-f2ee6afb5451,1
Carnatic,417747bb-9210-456d-b6e5-6b4502b924bc,1
Carnatic,288ce104-4a50-4822-99d4-94a602353382,1
Carnatic,d784327a-c274-444b-a73b-17646c09d636,1
Carnatic,09da4438-b10c-470a-9b8b-a8012c8098ec,1
Carnatic,47099770-87c1-4810-a8d7-d2e51906fc10,1
Carnatic,8fa2b795-4d17-4fde-932d-b4935bbcd722,1
Carnatic,dbca1590-b4d7-469a-93df-ec427bddad60,1
Carnatic,7d3f6f84-a53e-4d4a-bddd-ba472d5a1ab9,1
Carnatic,6fc959d4-fc37-4289-8257-32585a2abd4b,1
Carnatic,33ab13c8-5677-4a4b-b76b-ac4dc7957acf,1
Carnatic,6552cd1a-8dd2-47a9-b77d-2c177c81da97,1
Carnatic,1197169e-74c6-4c0e-8a86-dffc5220aeaf,1
Carnatic,d449e125-c3df-4e3f-9213-d1839f05abb8,1
Carnatic,6c6c9860-6fe6-40a0-a30d-d28a8a631437,1
Carnatic,66326072-3926-43b0-81ae-66d41bebba16,1
Carnatic,f02dca27-cc74-4776-8fb8-dd1674e00434,1
Carnatic,dff37eb2-f206-4073-9b96-ae1113b5a378,1
Carnatic,5348e65d-975b-47b0-9517-8c652477dc04,1
Carnatic,323ff36b-db5c-4d91-a33a-239a944810e2,1
Carnatic,ddd49417-2283-4ef4-b16e-3e2547530840,1
Carnatic,be10761e-2c3a-44d0-9f51-cd08192c6f97,1
Carnatic,9cfa8a63-5ffe-4f48-ae53-ffbe74b03f55,1
Carnatic,28bbe763-865b-4dd8-9e47-3b74919e945c,1
Carnatic,842f4fea-167d-447f-8264-6e0e71745d6f,1
Carnatic,6feaf61d-1ac3-4f35-a73f-7f4ea6647056,1
Carnatic,8b065998-c988-4c70-bf33-cb3428ce2d25,1
Carnatic,37f6f144-6f0d-45e9-a08c-68c0a4a418cc,1
Carnatic,c6e17b47-57cd-4095-bfab-4cb7f335357c,1
Carnatic,34f12b1d-bb35-48bc-a6c4-ffc4b52f140d,1
Carnatic,2a1600a4-e130-4f86-bb19-08a27a4c8b5d,1
Carnatic,19b4b0aa-a8fd-43d1-be38-4119abf7f8ca,1
Carnatic,f4f31e75-37f4-408c-887b-f629ce402074,1
Carnatic,3f0ea455-7e47-48c6-942a-9dd60d36e04b,1
Carnatic,f2d5e000-4efd-4cf5-802a-80dd32936a14,1
Carnatic,408f4ef0-316b-48ea-b52d-2b0cefb696e4,1
Carnatic,68c10425-9ac1-4d40-a4ef-232b1f2e9244,1
Carnatic,7f12854a-3a60-4a98-8950-14bf4d6a89b2,1
Carnatic,9788f26b-57f2-4a45-aa20-db1030129f3b,1
Carnatic,18d13645-6a51-4483-b122-6402f633a69b,1
Carnatic,21b9415b-68a2-4d30-a9e7-b630922bccd9,1
Carnatic,e1b0148b-1542-4e44-83b1-c92c1f0ca56e,1
Carnatic,75c35214-8e3a-4f92-9a90-3c2d9dd9f24e,1
Carnatic,b34db4e2-70fd-49a1-8d47-3574faae5eb4,1
Carnatic,542d612c-7767-41a7-9b92-35cbf1fab0eb,1
Carnatic,480b822d-1eda-4077-a06a-11348199c04c,1
Carnatic,29be57a7-c0b1-4eef-9470-a89bab82f8dd,1
Carnatic,569b8358-b318-409f-a8e8-1da724f01809,1
Carnatic,94ddddb3-892f-46e0-a159-735794eb0871,1
Carnatic,cdce6bca-67d8-47c8-8426-098fb8ca61a4,1
Carnatic,9449e420-b340-4475-ad25-676460010369,1
Carnatic,848b44ad-7d93-423a-88be-80866a1c269d,1
Carnatic,3adb8fd5-66f7-47ea-87cf-6acf00f79e00,1
Carnatic,2ea6cabb-a422-4c1b-8f0b-752cbe68a5d4,1
Carnatic,37476bbe-b180-415d-8368-af2c21d1b190,1
Carnatic,3c403210-caef-4ae9-b02e-6832c11d7d82,1
Carnatic,26ba8577-b465-4d8e-a961-849a01c8ab7a,1
Carnatic,b8bf8bff-7570-4591-b819-e3182ea45515,1
Carnatic,5a6ed43b-e79f-4dfc-ae67-f0c97770a6e2,1
Carnatic,3d13fd51-456e-46d6-a6e7-c6e50991fdac,1
Carnatic,3dabbf57-d069-4b2c-b4cd-b1387f0460ce,1
Carnatic,0383cf37-4f4e-45e4-99f1-32f19bf1156e,1
Carnatic,9e27e670-090b-4191-b871-82e4c18b7be1,1
Carnatic,05a931ba-605b-468e-b7b5-64fe87a443ff,1
Carnatic,2f792bd0-4788-4227-8540-354bb7be9365,1
Carnatic,1ebe0640-b9e4-4bc8-b8fd-d1b06b2ac4e6,1
Carnatic,4ae7424c-948c-43c2-80f9-fb919f7cf9be,1
Carnatic,93727328-a4df-429f-823e-c7cc244bb630,1
Carnatic,2e6504c2-3ef1-4272-98a1-f32b2b0477e2,1
Carnatic,16a3263f-31dc-40da-839b-f5955b77c0b6,1
Carnatic,661c6bec-730c-4c02-abad-c0e3728db5d1,1
Carnatic,90615b61-f052-4f29-8003-4a53be4ad723,1
Carnatic,728b5ad7-5348-4d24-bcf9-a6e6223ff7db,1
Carnatic,df2dc1bd-538c-4559-8603-6c6277150872,1
Carnatic,77f42a8e-6e25-4145-a919-0e6f62ae0fb8,1
Carnatic,26f0ffe7-a1d2-4644-96c2-02d6f17ddcbb,1
Carnatic,7b9c90f9-726d-45ef-b5fc-4424732265b4,1
Carnatic,f1f04b03-3f91-4d31-bf7b-6c21d26eeb7e,1
Carnatic,59c42b30-1d51-41e1-8e81-13bb471e94a2,1
Carnatic,6fbf2d80-ada4-41aa-8baa-fb288619883e,1
Carnatic,a9bf3ac1-9110-458c-8a3a-b0b6d9bf3d03,1
Carnatic,9f56f2b9-9cb3-41d1-bf03-65486374f4a5,1
Carnatic,8be1183e-71b2-418d-9ea0-c7e4e3ffa3a4,1
Carnatic,91195a3f-b411-47e1-b16c-a507e44d891d,1
Carnatic,65d5ec15-3c8c-46c4-9e00-0b487be089cd,1
Carnatic,0e669af6-ca69-4b46-9e1d-1720c67b1507,1
Carnatic,41b3231c-6b46-4eb8-bc20-67ff3f065fd3,1
Carnatic,858fbd8a-993e-43fa-ba26-1a13c679252e,1
Carnatic,dcdcac0f-8c16-4fc8-bfee-176e0c4456c5,1
Carnatic,830796d0-90f4-4c69-984f-691e73d048dc,1
Carnatic,5aa585aa-57a6-4b53-9f5f-299fc2292d82,1
Carnatic,033599e7-f096-4eff-b9e6-82b988150a79,1
Carnatic,9868fb50-597c-45cc-83dd-acce45d415cf,1
Carnatic,62976b60-ccfd-4b2e-8491-2c457407cd8b,1
Carnatic,3c683277-3bf0-4cc7-a963-c766949fa910,1
Carnatic,5bdb990d-550a-494c-a750-0dbcc1c00a77,1
Carnatic,3427f4b7-20e5-4abd-8171-bac216f2c213,1
Carnatic,3d65a06b-af6d-46d2-bd44-10cd5136c844,1
Carnatic,b21fdca6-c161-4d86-aae8-5157d41e4cfc,1
Carnatic,1c3d8526-6692-46f5-a00a-92dddbead9ff,1
Carnatic,a634d521-db0f-46ec-b5dc-12d93611e6ea,1
Carnatic,110ab5e5-3fc6-4625-acf9-c9e22f26961d,1
Carnatic,560fe16b-6585-4eb5-94f4-92fffb7a481d,1
Carnatic,2811747b-b49f-4a8f-b636-d5312056f4fc,1
Carnatic,708cea7e-ff90-4d74-81e2-f27642055fd4,1
Carnatic,7786af52-fc31-492d-9ed7-6b230644a303,1
Carnatic,f1c0307a-f32b-4c99-a63b-0ba86d1791cf,1
Carnatic,93c4d80a-0dd6-483b-b9b8-0d3159cc02dc,1
Carnatic,8c08535d-2fd3-44dd-b937-0bf812a40524,1
Carnatic,8fed9a77-2f4c-4a26-b0f6-6919fd469e2b,1
Carnatic,c39e5636-3e44-4913-bd25-73a28acbcb72,1
Carnatic,71511da3-06e5-48f3-bf3b-7e2793b5b56a,1
Carnatic,82a3d00c-f1df-4b54-8601-bac26667b1b0,1
Carnatic,c07e9a51-9fb9-4d5d-bd88-ce12fb74a7aa,1
Carnatic,cf7acd46-da61-47c7-99aa-1de0c4ebc94c,1
Carnatic,cc4c7571-344b-4cc9-917e-16c8392954b5,1
Carnatic,e3f8bf6d-3cae-4036-a625-d9b8dacef5dc,1
Carnatic,855fa024-a4c5-4cca-bb26-0b2c806db722,1
Carnatic,ff533a56-6565-4151-b343-b12e1a7bd5fc,1
Carnatic,2611e0fd-7c4c-4fe2-8c35-d4dcde7a7962,1
Carnatic,f763a45e-de3e-4c9a-a2e7-c625e6c4c512,1
Carnatic,d753c77e-7ff5-404c-86b5-2af091410950,1
Carnatic,eca1fdd2-0c51-4344-ac00-d7868233a5f2,1
Carnatic,26f34356-1288-4154-ada4-479cd8d82aca,1
Carnatic,e7061eef-12aa-4cdb-85ca-58b3d557f302,1
Carnatic,9962fa86-1060-4f9d-93d2-128ac958c2b8,1
Carnatic,21f72d0f-5167-4c89-b312-84574b65613b,1
Carnatic,d1ac781a-d042-4b91-988c-9ca8ef0911c1,1
Carnatic,4e2ee259-5448-4843-b29c-fc74906376f6,1
Carnatic,9383a5b6-662c-40dc-a006-c2307230a176,1
Carnatic,af6a1ff7-98b3-4e99-8133-5a15f66d8904,1
Carnatic,57b2324e-f4c3-4b4e-8c03-ff985e29dd7b,1
Carnatic,97bf406d-9c22-4307-beae-7bda5ee2e05e,1
Carnatic,45ab8e5a-e7af-4244-a0f5-be6b68a74191,1
Carnatic,c482f6d1-20fe-4ea8-89f6-c02624d72c86,1
Carnatic,b788cb93-770b-4dcb-bca3-1ebaa3ecf38a,1
Carnatic,59e2f3de-cdb1-4a00-9fc4-2917c0230db9,1
Carnatic,4c9fc492-c064-4af1-85f7-a413e40d20a6,1
Carnatic,fea29da7-6bea-4a86-862c-7d91c366ea12,1
Carnatic,e599b142-7ff7-4c1e-9c5d-01d669798449,1
Carnatic,89473b33-d96f-40bb-adce-3b25e4a45971,1
Carnatic,a91ca01b-3338-4968-815a-6ae61644ccb5,1
Carnatic,27daf63a-d2a8-4323-8eef-c814e9c2bb02,1
Carnatic,60574f1d-5b72-4ba0-b877-172484651c22,1
Carnatic,cc4199f2-ecf3-4d93-b628-65f2caacc6f8,1
Carnatic,33d896d2-1a7b-4e5f-9508-c3fb5d228c94,1
Hindustani,6cb0fc24-76bf-48a8-8a45-8552b70127ea,1
Hindustani,7a91131b-210d-45b1-a056-e12dd578cc68,1
Hindustani,1a311323-791b-46fa-ab59-b749adcd18e1,1
Hindustani,4a9eb951-9a45-4292-a7c8-aeb103349e86,1
Hindustani,ead345d2-0314-4a4a-bfb6-d65510e06aba,1
Hindustani,3f162361-c4fa-46f9-bc56-58242d978449,1
Hindustani,897f4174-24be-493a-be1c-57fd3c018601,1
Hindustani,2b1da797-d9f6-47bc-93c0-d19f5de0fa5d,1
Hindustani,f0ce173e-e69b-4baf-8c23-cdd63fd15ab1,1
Hindustani,077d538e-545a-4098-8997-76742fb26d39,1
Hindustani,c76cadd9-9e7b-4e9e-96dc-f79a9a8eed78,1
Hindustani,ff70a092-0893-4836-a2a2-7ea654d171c9,1
Hindustani,c853d66a-7f61-42ef-8373-94798bde90a6,1
Hindustani,b142b865-8995-4ce5-aa98-4e0fc7d99d94,1
Hindustani,eb3a6211-0062-4043-bd43-c7e84da353e9,1
Hindustani,e155b6c3-eb87-4522-9bf8-93bf74697fb4,1
Hindustani,113d82be-a83c-4c43-9393-6377fcd982bf,1
Hindustani,3ce253e3-20a1-4148-b6c7-420a9784c242,1
Hindustani,acf065cc-7a66-4f9d-9eb9-3a86b35fa447,1
Hindustani,0de04a5c-74b1-42e0-8df2-d166be9a3b33,1
Hindustani,61f14196-ba50-41c9-91f8-0f42e0d6870f,1
Hindustani,effa2f04-c0ab-4910-b822-55d8548363df,1
Hindustani,1472bfc9-acc9-4e25-9300-7cdff8df1575,1
Hindustani,c8c0b93e-0e7d-4e08-a1cc-95b0eecee5db,1
Hindustani,86d7779a-1610-4514-83a6-883997250abe,1
Hindustani,186b62f6-3073-4817-a075-439cad73305c,1
Hindustani,c1aba7b7-cd7a-4e6c-90e7-798b617bfdc9,1
Hindustani,97c2c622-af6f-4a70-98be-9e44d5c933db,1
Hindustani,bf3e009b-5d36-46a2-8fde-3c019c9fef1a,1
Hindustani,9ff5e2dd-7c77-492d-9aa1-09508fe595b9,1
Hindustani,0efd0dde-018c-4c30-972b-9dc14c6f09b5,1
Hindustani,56ad0c6b-6e9d-40e5-a917-96ec46c95e1c,1
Hindustani,5e9d1ce8-9dcf-4c3c-a58a-7bc8734791d0,1
Hindustani,c4f7a204-5c54-47a1-ae39-b70a366b6865,1
Hindustani,7084ac88-542c-4e84-8eda-dc9735201d18,1
Hindustani,3148a17b-6be7-4f5e-bc35-84196b3c64b6,1
Hindustani,80c94c75-4175-40ca-9f23-4e5a04f5e9cb,1
Hindustani,9af146bf-4fdf-41bb-a665-eacc15741d32,1
Hindustani,91bbdaa0-551d-454b-97f3-67c89c72f8d5,1
Hindustani,0a11bf6f-b55d-459c-9447-7a5a555a286f,1
Hindustani,f3313201-ab83-4633-b463-60b862ab1a21,1
Hindustani,1b3714f7-9cab-4674-8d19-c9aad8801d29,1
Hindustani,c6232a25-3f5a-4394-a85c-43dc1efcc1de,1
Hindustani,567e57a7-26c8-49c3-8a2c-fc2485cf2ab9,1
Hindustani,aa93fca9-362d-4ea4-952f-65006746b888,1
Hindustani,157f546c-90c8-4b3b-a72c-42fa5b0dd820,1
Hindustani,f11c7c0c-d148-4084-8cfc-b5e81893f5cf,1
Hindustani,e3a55c80-653e-4587-aca9-bf6c7245c459,1
Hindustani,99dcaebe-ab49-4fa3-ab6c-a9458143af8e,1
Hindustani,01df0bee-b090-4b1d-bbdc-84e1c436635b,1
Hindustani,3fc7b071-68c7-4a5a-bed5-7da6301931f4,1
Hindustani,d0781259-2c63-4b35-8ca3-75c19a98e275,1
Hindustani,25d5c348-023b-487b-b149-a46d553cedee,1
Hindustani,8e4f28ea-6a4c-4bae-a4df-4b9af14e1bb4,1
Hindustani,e516312d-00c4-4ccc-8875-9c84f0f30207,1
Hindustani,dd42bbc9-4ec1-4881-81df-8b6813d460cf,1
Hindustani,afe4855b-9b3e-477a-944a-251b6bb7dd97,1
Hindustani,916fd45f-ddda-49e2-be63-207fc56a411e,1
Hindustani,6c573272-1f4a-4504-b7e1-996f877e1e15,1
Hindustani,c6dfc5f0-34cb-4d1e-90a0-712a845beb38,1
Hindustani,e23eb921-de6e-452b-bc2f-7fbd0772c4fd,1
Hindustani,dc09e696-88d1-427f-bb1b-92d899ed9af1,1
Hindustani,64587462-6f9f-4439-8b48-6375a4fb1f6a,1
Hindustani,3a75a312-b119-41f8-8a5a-e799ebeed0cc,1
Hindustani,ed4b8208-d0bf-4269-b513-5799a9ae3884,1
Hindustani,b31c1429-f99f-481c-9a0e-cb2d2f99ac84,1
Hindustani,a0cfb64b-6744-477e-9a17-e335a08e604f,1
Hindustani,b22390c8-88bb-4e1f-9e23-bd3e237043ba,1
Hindustani,f5999e30-d00d-4837-b9c6-5328768ae22d,1
Hindustani,59ebf93e-fb88-4ac1-b400-000ffbc7ae3d,1
Hindustani,10224082-7d00-4839-b430-c8110686ec64,1
Hindustani,2c29d660-b4ed-4302-a447-866a1e1d86b3,1
Hindustani,3c6fa59c-a492-4e76-a3f0-be3e81053ca5,1
Hindustani,3d6dc834-550d-4eb5-87f9-6e57747f3cb1,1
Hindustani,cfaafb25-78e1-4d27-93d8-a5b160ee77fc,1
Hindustani,fe91ccb2-499a-4d99-be22-3fdde04ee9aa,1
Hindustani,2fd571a1-ca82-4ca6-9c41-39c2fe31d43f,1
Hindustani,182dd9f9-d3b7-4ebc-9d18-9e0544c6e8cc,1
Hindustani,e0f9998f-0341-4621-8cf2-80c3d3b59855,1
Hindustani,7feb93f7-eaa4-42d5-b366-709fd1dbbc2c,1
Hindustani,73b74f57-4ba1-4f22-a969-1d9b2e26b5ea,1
Hindustani,a5381523-347b-47bc-8645-a95d24a9a666,1
Hindustani,7d3f5b32-34f2-402c-b3b3-a87f1dedd3a8,1
Hindustani,a2c54654-2699-489a-95ab-623fc903281a,1
Hindustani,b0434093-2d8b-4c8d-aaa8-7fb44bd1ce0e,1
Hindustani,9010c587-1419-425c-966c-cfbb6b80891f,1
Hindustani,b267996c-c857-4774-9cf6-5f7cec7413d7,1
Hindustani,56a5f6b7-67c0-4672-8eb5-4800ea004251,1
Hindustani,7704b0d2-eeac-47e4-ba05-c541a91eb621,1
Hindustani,2331050f-b7cf-46d5-a700-c7503539d7c5,1
Hindustani,57db6960-6038-4b48-b22f-a10d22752767,1
Hindustani,def59da7-8d7b-4047-b16c-eeee65482e87,1
Hindustani,d44c1914-b3ee-4948-af86-d07fde13c1b4,1
Hindustani,19b66d55-98b3-4157-b680-6a0f17fce925,1
Hindustani,3f66f0dc-73b7-48c4-8ad7-1f1a7dacd8bb,1
Hindustani,22e45ddb-9b88-406e-996a-2136730d72d4,1
Hindustani,8d01b397-5d3f-4fdd-8c9a-a8a3a4e18709,1
Hindustani,ee202972-59a1-4576-9883-6e82124b356a,1
Hindustani,980b4a00-6e7c-41c1-81ee-6b021d237343,1
Hindustani,6e4dea78-ec22-479a-9e3c-c253a6deba7c,1
Hindustani,41e85340-5071-4cdf-a988-6e0aabed3dd6,1
Hindustani,c7073b30-cb25-4ed4-a2f3-9d75fe9cd1e8,1
Hindustani,c0333b05-4593-4618-b00c-9c363c0e4b09,1
Hindustani,73f6dda2-50bf-416f-8b77-2de40d24b455,1
Hindustani,9f4a4fc5-d5c0-4757-b875-9dbb2a83302f,1
Hindustani,9117fa28-df28-4bb8-a0e3-b70e60fed262,1
Hindustani,930ae825-111c-4dd5-b8be-de609fd5202d,1
Hindustani,5b640af5-26f6-4a02-81e5-d28cd01e9149,1
Hindustani,a7f6551d-9696-4713-becb-b22acf71a7db,1
Hindustani,68ecc764-b0da-4919-affe-8a50d558cbbf,1
Hindustani,37686ac1-797f-44f5-a3c9-5e8690beb8ec,1
Hindustani,fecfe4a8-a68e-4ced-93d9-5d47fd4505cd,1
Hindustani,7ee9570e-7f04-4f1c-819a-ec044318e15c,1
Hindustani,27994cb8-23ae-4c32-959e-625b51727412,1
Hindustani,c568bab8-7653-4252-a4d9-aebcc26fc752,1
Hindustani,4b587d3f-4014-4d68-a958-17d51fe2c1c1,1
Hindustani,dbfa7e22-4432-4db5-8ec6-8482b97bcea9,1
Hindustani,b63f8746-775e-447b-8bd5-1f32c4ef0b44,1
Hindustani,89430adb-e414-4ea4-abde-1ec568641c93,1
Hindustani,f93a15cf-8ec1-43c7-b7e3-b48f5369dee4,1
Hindustani,e40375a2-01d2-4137-823a-3e62503baf98,1
Hindustani,adb5c888-68cb-4456-811c-f282aeee3713,1
Hindustani,37c79233-b5d7-4517-a393-37784702c4ce,1
Hindustani,695a5b9b-fdbe-4a02-914f-b40f46df4367,1
Hindustani,0017d78e-a39d-4151-8d93-826ab2eb00d8,1
Hindustani,566d6c64-ae66-45e7-9f91-e33cd6c0f18f,1
Hindustani,99f1a318-f246-40cb-86b9-3639344be94d,1
Hindustani,ef6c848a-8f36-49fa-98f1-2b3d40391ddd,1
Hindustani,62d572bc-f693-4378-b22c-03879b78ff0a,1
Hindustani,baea9093-d2c8-4529-8bc8-02ce7554c555,1
Hindustani,dcd3f7ef-a962-4664-8cbb-3902ad43d935,1
Hindustani,c556b631-111f-42e8-aa98-e02f0777be9e,1
Hindustani,679827a7-41bf-4af7-bba6-50c036264941,1
Hindustani,409903ce-cfe7-41fd-b42b-3b7790c0e917,1
Hindustani,b2456c14-8db5-4d11-bf23-ec360b33d242,1
Hindustani,1174dd02-87d2-4be3-bae1-d222b8a5f5a4,1
Hindustani,f0dfbbd2-7c91-4d7f-aa8d-30d95ee22c29,1
Hindustani,c83a26a9-452f-49f4-bb4e-fad2d9bb9af1,1
Hindustani,e63679b8-d529-4815-9e58-aac403e079e1,1
Hindustani,5a73fd2e-2308-49c3-81de-e3baa95d2c1b,1
Hindustani,66dcff23-bcf4-4a32-82fb-e6bb679c0d5d,1
Hindustani,8cee9d53-b105-45bc-bd1d-4a608d59b2fd,1
Hindustani,3956d76d-876b-4e34-a6dd-c8ecfc057ff8,1
Hindustani,3ce024ce-395c-45a7-9236-ac282eb21aa3,1
Hindustani,6939b1dc-2646-41df-a741-095bfad3360f,1
Hindustani,e59642ca-72bc-466b-bf4b-d82bfbc7b4af,1
Hindustani,344dca74-fb8a-4c7e-a7e6-0a52088edd71,1
Hindustani,49e7d75c-484c-4002-9532-5717a4e30fe0,1
Hindustani,e05c9807-4b3a-4532-b6cf-aa560ee07dad,1
Hindustani,b97c32e5-f9ab-465d-b651-681016323409,1
Hindustani,77c887ad-de19-45b8-b83f-37446eae378d,1
Hindustani,c8724201-ecfd-44be-af53-5f436564d062,1
Hindustani,9a2ce15a-4b28-4d10-abc7-9e05310c2e3b,1
Hindustani,c207da5f-60fa-4622-b735-a9bd3425e8fd,1
Hindustani,a4fa5d55-8ea5-47dc-b411-f3abe4ce5405,1
Hindustani,ab50e3e6-e6cb-4faa-a5ad-f0a94de30f86,1
Hindustani,d56b4f36-3101-4962-867b-40ee9906dd5a,1
Hindustani,4ec29190-b7c9-46f6-81d8-db4b0c2a5b40,1
Hindustani,d38c59a4-947b-4918-8b0d-f22b7c8c1ea5,1
Hindustani,e79f2c5f-ceee-4402-a0d6-2c75d3055d4b,1
Hindustani,858a82b8-562e-4a7c-a7a2-6cbc65967e99,1
Hindustani,b8ee37d2-e864-4b2e-a79e-b38f9b22c062,1
Hindustani,04d506c4-df9e-410c-a3e2-037abffe7b9c,1
Hindustani,cdd148c7-07e4-46c9-88d9-fbbfcea2edf5,1
Hindustani,43688da7-80e9-4814-b486-b01534a6ed44,1
Hindustani,950c9b6a-53e6-43e2-9339-82ba49ade152,1
Hindustani,98afad39-5abc-4c96-b7af-5f2c70831066,1
Hindustani,02915dfb-8e3d-40be-8f88-421afe81a697,1
Hindustani,64a44651-dab9-4ee1-a49e-dcca4cf67c53,1
Hindustani,cbcba04b-023b-40e0-a5e8-04260ad3efdd,1
Hindustani,c35ea067-d200-40b6-ad61-241b206c97ed,1
Hindustani,58ffbe74-0145-48b9-bc41-fa9e4b3a59cc,1
Hindustani,3d0539f5-2d30-422f-9647-b3e14fd9787d,1
Hindustani,72df913b-ac52-4798-990d-72e04a64bd8c,1
Hindustani,00f54612-09f6-4528-91f1-95e5ef191c1b,1
Hindustani,230998b8-34e1-4d6c-bc96-e0ff95146ddb,1
Hindustani,d9a79389-f4b4-4d66-920c-494525b3417e,1
Hindustani,52c68301-d913-4208-adc6-c2cf8d2003d3,1
Hindustani,d7510269-b26c-4735-a491-245f3c732a58,1
Hindustani,907e6bb0-130e-4ec5-aad0-6c768e8e9dcd,1
Hindustani,8bbf423e-c4ea-43b8-b496-dd84f2c28d2a,1
Hindustani,52944bc0-4639-4760-be76-f2720a20be81,1
Hindustani,cc7999c1-feb7-4fa7-8b45-7e6fc39c0ec6,1
Hindustani,b3a43a82-b3c3-49bf-bd3d-db561c1ec355,1
Hindustani,ef986f34-db14-4d1e-8dea-a623286b35fc,1
Hindustani,1caf7cef-ae50-4a96-ac5b-31519ec5f839,1
Hindustani,9a133da0-33a1-42c9-a0f1-d2619e4a8782,1
Hindustani,4a507000-6c5a-4c8b-8922-1bfc29cba805,1
Hindustani,28dd1d68-ee23-47f4-8776-33cc18adc44a,1
Hindustani,d2ca91e0-74d1-4c68-b7c9-4dec57ef526b,1
Hindustani,fe984e34-eae6-4dcf-bf70-159923c26fe6,1
Hindustani,7a383e3f-b0a6-4aca-92df-e53c3d928a2d,1
Hindustani,3abaaa52-4c95-4e8b-beda-37bc3d01f763,1
Hindustani,5d56b3ab-99d1-48c3-a785-269d74ccc944,1
Hindustani,a5b15aae-c911-4df5-944d-1d0d95b8b5b0,1
Hindustani,4519091e-9eaa-4f03-911e-348727ee3c90,1
Hindustani,e0c1cf84-1bb3-4e8b-84d4-0f659976d576,1
Hindustani,82d9adb4-ad60-4437-b3ed-a5dda2a77f61,1
Hindustani,c02f714f-e4e6-4da6-af07-cea8a03c0e5c,1
Hindustani,8f983ca1-2b51-4a9f-9265-b797b09c91c9,1
Hindustani,eb7fce60-8232-44ee-ad0a-571bb15003fb,1
Hindustani,7199a72c-c660-40dc-8cb9-bc941ae4e8a2,1
Hindustani,f4ca8526-f987-4ff8-a6a4-63459ea698ae,1
Hindustani,354c38e3-c71b-4dd6-bc77-deb629ad14b9,1
Hindustani,c2d1a926-dbe0-4f94-b739-c30796ba8346,1
Hindustani,b3f5d314-c817-41e1-b6a2-df3c260c8c63,1
Hindustani,6acdbda5-8c44-4dd4-8aea-dc024c7f65b6,1
Hindustani,8d2eb825-77d6-4f61-ae4c-1a8639dd912b,1
Hindustani,06cc10fd-d57e-4581-9627-ee7422c273dd,1
Hindustani,adf0b8ea-cc74-410f-bd52-d59c08c78783,1
Hindustani,631bde83-42e4-4c04-b260-3dbbd5b03799,1
Hindustani,30261aa8-aa4d-4f66-a2d4-b087668b00a8,1
Hindustani,72b3199c-c49d-4f50-b959-e1bf6abab98e,1
Hindustani,7ed38940-f5e5-46cb-897d-ed408ddf8c85,1
Hindustani,73b6e933-61f6-4537-98df-834e3c0e0fa6,1
Hindustani,f5a6ba75-7be0-4a67-b1c3-3e49b060d384,1
Hindustani,67b90abb-08cb-4473-9224-343b21e4681a,1
Hindustani,f5689624-b636-4a6c-831f-53d1678d9bb6,1
Hindustani,39f429c9-ee16-414d-b8d0-fbf1d0bc6e79,1
Hindustani,dcc4b6e9-15ef-4662-acbe-8666af8cbca5,1
Hindustani,7711d588-1c7a-4756-8793-2aa5d32bfffb,1
Hindustani,b20456b8-7abc-4158-bb53-5ea8d80e5999,1
Hindustani,89224046-f086-4530-b2a3-70f9ae697faf,1
Hindustani,a655cf94-bb5f-4971-897a-9c20cdab828b,1
Hindustani,f0de74aa-416f-4da7-b2d8-c02cd6da978e,1
Hindustani,f5cb8fde-2483-407c-896e-1d5a777aac2e,1
Hindustani,3124479b-5118-4cf3-823f-8fefad45e586,1
Hindustani,30408242-719e-4efb-a72d-fc1dc2833db7,1
Hindustani,1f5947f8-e4b8-47e4-86a6-8a817dbf8554,1
Hindustani,47b78e45-4a67-49e7-94db-aac7fc8a3db7,1
Hindustani,783aa4b0-26f3-4e18-844c-b787be6d9849,1
Hindustani,c6e488e4-daa6-401d-a3db-cfe3f0ae63d6,1
Hindustani,a3479fbe-fea4-4db7-9c1f-8b4ca613e5f0,1
Hindustani,bb7a967a-4bb8-4cb8-9075-f2da540628e0,1
Hindustani,8e815f51-194f-4e14-b1e3-5a214590d895,1
Hindustani,98e14bae-50ae-4c9b-bb39-693ef89fc5b2,1
Hindustani,a7a805ef-66c7-47aa-ad38-371c13fa3761,1
Hindustani,ea36cb14-7c11-41d0-acb8-70ec66e61063,1
Hindustani,6504d224-d5e7-4353-841f-47adfcda0bd3,1
Hindustani,2a853a15-4376-4a0a-8b3f-7a55d652f464,1
Hindustani,8aeccac0-75b0-4397-92b6-7bcfa0c427cc,1
Hindustani,18e8ec47-13b8-48a8-9ad5-4f9fbc901c0f,1
Hindustani,928a430e-813e-48b0-8a23-566e74aa8dc9,1
Hindustani,6ac112dd-b04f-4ad8-9913-1a1bfc35c5ec,1
Hindustani,f149cad0-c5af-48d6-a726-ef3badb0169a,1
Hindustani,e2123c63-6a24-4190-be52-e299c05c4bb8,1
Hindustani,1f9922a5-0366-4461-96ac-81a31703416b,1
Hindustani,a0052c33-34b7-4e68-9dcd-121410c6ce36,1
Hindustani,b3dba394-97c1-4fa3-a291-0805fc642e0a,1
Hindustani,9cb37475-852e-4f7c-81c6-78824d08b839,1
Hindustani,256d06c1-34e2-43fc-aa14-c2f191f680f1,1
Hindustani,211c010f-7ae5-4ca6-a909-f10afed265c5,1
Hindustani,c0713057-d5eb-4fe3-a0ae-03a341ad707e,1
Hindustani,932be692-9ff8-4fe1-8546-b92b2d3db696,1
Hindustani,3766bcb1-57b6-4c16-9196-c2ed94d80331,1
Hindustani,b71c2774-2532-4692-8761-5452e2a83118,1
Hindustani,53402748-f637-46a0-817d-ac711a9005ff,1
Hindustani,7081d924-c8e4-4216-9e69-ca397c10550b,1
Hindustani,205d79c6-ad14-4193-be7c-3f32457eda60,1
Hindustani,51656b20-295c-40f9-8dab-005b9b90fa98,1
Hindustani,1d378f5b-33ac-47ae-9219-a03a394de1b9,1
Hindustani,6502220f-ec92-4308-99d4-3922f41579aa,1
Hindustani,2f76f164-f02c-4b22-8bc0-4fe5500039b1,1
Hindustani,6848a21a-20da-4023-a608-332870105a92,1
Hindustani,5c3bd389-696a-4ffd-93af-94b68343e9b7,1
Hindustani,5233f93f-4f1c-4ba1-9d3f-3d47a5f81d2e,1
Hindustani,6c0c6e87-c78c-44df-8955-3595575a06a7,1
Hindustani,bb6a5ac4-9e42-49b2-bec4-58e1aff53230,1
Hindustani,2073b056-8120-4b04-b808-3d6a8c6a2bd7,1
Hindustani,9ce13d3a-f853-490c-a706-39283372eb0e,1
Hindustani,c9c6dedd-4e86-4e0e-a5ea-0911cd8f5814,1
Hindustani,e2bfec5e-df30-42b5-9157-e4fd102a78a6,1
Hindustani,f227efaa-652f-48e1-b57e-6fe6fea16fe4,1
Hindustani,15fae9e1-01a0-4b4b-bcc9-4c84321a66a0,1
Hindustani,8718d4df-5fcb-419f-b209-5d34b2474a28,1
Hindustani,97a04401-5a5a-4951-9b94-cce8fbc302cf,1
Hindustani,7060e016-7772-45c9-bfc6-8d3911ae0a06,1
Hindustani,833a49b0-cb9e-41e5-b341-ab718e03b97c,1
Hindustani,2e399218-6978-47ef-ad3f-c7eca6dad81b,1
Hindustani,d29c44a0-d688-47f1-8d83-8c07f0b76b22,1
Hindustani,c12784d9-c5d7-4883-adae-8140551480c4,1
Hindustani,6df73a9c-3978-4db0-af6a-7d833467234b,1
Hindustani,da623ecf-5590-4fc6-8d6d-d1f396d5021d,1
Hindustani,809196fd-2e16-435e-9d18-6c6132da0797,1
Hindustani,88b004be-6280-402b-a178-07efd6285326,1
Hindustani,31bc8850-a7cb-4a9f-bb4f-863e0e88728f,1
Hindustani,c53396aa-f369-4875-8c61-3f29787da6f5,1
Hindustani,f5d3cea0-50ad-461f-9aa2-20f2434ae1e8,1
Hindustani,2d207bf5-90cf-4d74-8703-b3b0d52a531f,1
Hindustani,454f0c85-a41b-48c1-afa5-b4f5dbcb7947,1
Hindustani,56c945ef-f5ed-4b03-ace1-80ed9b7acf25,1
Hindustani,50a45482-2a3e-44a8-beea-1320f529fa00,1
Hindustani,82b207d0-a974-4c45-bf48-79bda319c985,1
Hindustani,66de36d2-f8b5-44aa-b586-ce75bd665a46,1
Hindustani,76f343ce-a0ce-40c0-89aa-969c75a8cec2,1
Hindustani,a01ac873-dff4-420f-9fd8-490dd87c58e9,1
Hindustani,fb73793a-3791-4986-b3f8-00621a16a522,1
Hindustani,bfefde58-4eb2-49b0-9c63-7e4ce1070e61,1
Hindustani,88210cd2-6440-4868-b6aa-3aeb403b4feb,1
Hindustani,62ccf764-ddbd-49d4-a05a-cda03f4192a6,1
