tradition,raga,raga_id,mbid,metadata_path,feature_dir
Carnatic,Mōhanaṁ,39821826-3327-41d7-9cd5-e22fe7b08360,dc1d1aa8-0ee2-4d2b-a506-c62fa00779ea,RagaDataset/Carnatic/audio/39821826-3327-41d7-9cd5-e22fe7b08360/Sumithra_Vasudev/Sumitra_Vasudev_at_Arkay/Mati_Matiki/Mati_Matiki,/home/izpiz/coding/automatic-raga-recognition/dataset/RagaDataset/Carnatic/features/39821826-3327-41d7-9cd5-e22fe7b08360
Carnatic,Mōhanaṁ,39821826-3327-41d7-9cd5-e22fe7b08360,8bb04922-2421-47cc-b464-7d556c91a952,RagaDataset/Carnatic/audio/39821826-3327-41d7-9cd5-e22fe7b08360/Kunnakkudi_M_Balamuralikrishna/December_Season_2007/Nannu_Palimpa/Nannu_Palimpa,/home/izpiz/coding/automatic-raga-recognition/dataset/RagaDataset/Carnatic/features/39821826-3327-41d7-9cd5-e22fe7b08360
Carnatic,Tōḍi,a9413dff-91d1-4e29-ad92-c04019dce5b8,fee6e655-7741-4945-8a01-c2f3d12566e7,RagaDataset/Carnatic/audio/a9413dff-91d1-4e29-ad92-c04019dce5b8/Amritha_Murali/December_Season_2008/Karuna_Judavamma/Karuna_Judavamma,/home/izpiz/coding/automatic-raga-recognition/dataset/RagaDataset/Carnatic/features/a9413dff-91d1-4e29-ad92-c04019dce5b8
Carnatic,Bhairavi,123b09bd-9901-4e64-a65a-10b02c9e0597,66388b2a-d7d5-44d1-8464-4b5eeff1af6a,RagaDataset/Carnatic/audio/123b09bd-9901-4e64-a65a-10b02c9e0597/T__M__Krishna/December_Season_2009/Balagopala_Special_Note_by_T_M_Krishna/Balagopala_Special_Note_by_T_M_Krishna,/home/izpiz/coding/automatic-raga-recognition/dataset/RagaDataset/Carnatic/features/123b09bd-9901-4e64-a65a-10b02c9e0597
Carnatic,Śankarābharaṇaṁ,a2f9f182-0ceb-4531-b286-b840b47a54b8,dc885903-1ee0-418a-9f49-6abd0923cd41,RagaDataset/Carnatic/audio/a2f9f182-0ceb-4531-b286-b840b47a54b8/Amrutha_Venkatesh/December_Season_2007/Akshayalinga_Vibho/Akshayalinga_Vibho,/home/izpiz/coding/automatic-raga-recognition/dataset/RagaDataset/Carnatic/features/a2f9f182-0ceb-4531-b286-b840b47a54b8
Carnatic,Kāpi,09c179f3-8b19-4792-a852-e9fa0090e409,5853dea4-9f86-4f62-8f47-abc520f3493e,"RagaDataset/Carnatic/audio/09c179f3-8b19-4792-a852-e9fa0090e409/O__S__Thyagarajan/Live_At_Sree_Rama_Seva_Mandali,_Bangalore/Jagadodharana/Jagadodharana",/home/izpiz/coding/automatic-raga-recognition/dataset/RagaDataset/Carnatic/features/09c179f3-8b19-4792-a852-e9fa0090e409
Carnatic,Kēdāragauḷa,df85a0a5-b1a8-42f1-a87b-3d7c7ee33fb4,e04099ec-199a-4c5e-ac5f-5fac19759add,RagaDataset/Carnatic/audio/df85a0a5-b1a8-42f1-a87b-3d7c7ee33fb4/Gayathri_Venkataraghavan/December_Season_2006/Parakela_Nannu/Parakela_Nannu,/home/izpiz/coding/automatic-raga-recognition/dataset/RagaDataset/Carnatic/features/df85a0a5-b1a8-42f1-a87b-3d7c7ee33fb4
Carnatic,Tōḍi,a9413dff-91d1-4e29-ad92-c04019dce5b8,3e9f9dc3-7f64-4561-a2c1-80dd9fa66ebc,RagaDataset/Carnatic/audio/a9413dff-91d1-4e29-ad92-c04019dce5b8/T__M__Krishna/December_Season_1999/Vazhi_Maraittirukkude/Vazhi_Maraittirukkude,/home/izpiz/coding/automatic-raga-recognition/dataset/RagaDataset/Carnatic/features/a9413dff-91d1-4e29-ad92-c04019dce5b8
Carnatic,Kalyāṇi,bf4662d4-25c3-4cad-9249-4de2dc513c06,30ed13b0-58ac-48af-b8ac-f2c14ddbd71a,RagaDataset/Carnatic/audio/bf4662d4-25c3-4cad-9249-4de2dc513c06/Sanjay_Subrahmanyan/Live_at_Vani_Mahal/Paarengum/Paarengum,/home/izpiz/coding/automatic-raga-recognition/dataset/RagaDataset/Carnatic/features/bf4662d4-25c3-4cad-9249-4de2dc513c06
Carnatic,Aṭāna,6345e8fe-7061-4bdc-842c-dcfd4a379820,bbee764d-7406-47ce-821a-a82030b89eca,RagaDataset/Carnatic/audio/6345e8fe-7061-4bdc-842c-dcfd4a379820/S__Sowmya/Bharat_Sangeet_Utsav/Anupama_Gunambudhi/Anupama_Gunambudhi,/home/izpiz/coding/automatic-raga-recognition/dataset/RagaDataset/Carnatic/features/6345e8fe-7061-4bdc-842c-dcfd4a379820
Carnatic,Aṭāna,6345e8fe-7061-4bdc-842c-dcfd4a379820,d793dcb8-74c4-4280-a4f5-4e89e266f4c4,"RagaDataset/Carnatic/audio/6345e8fe-7061-4bdc-842c-dcfd4a379820/K__V__Narayanaswami/K__V__Narayanaswami_concert_at_Dayton,_1993/Anupamagunambudi/Anupamagunambudi",/home/izpiz/coding/automatic-raga-recognition/dataset/RagaDataset/Carnatic/features/6345e8fe-7061-4bdc-842c-dcfd4a379820
Carnatic,Aṭāna,6345e8fe-7061-4bdc-842c-dcfd4a379820,5c1ae6ac-ada7-45df-b807-812a81f20cad,RagaDataset/Carnatic/audio/6345e8fe-7061-4bdc-842c-dcfd4a379820/K__V__Narayanaswami/Master_Piece_-_Live_Concert_at_Sri_Krishna_Gana_Sabha_Vol_I/Elani_Dayaradu/Elani_Dayaradu,/home/izpiz/coding/automatic-raga-recognition/dataset/RagaDataset/Carnatic/features/6345e8fe-7061-4bdc-842c-dcfd4a379820
Carnatic,Kāpi,09c179f3-8b19-4792-a852-e9fa0090e409,16fbd94c-b09c-44d9-8d0f-841ada1b62c7,RagaDataset/Carnatic/audio/09c179f3-8b19-4792-a852-e9fa0090e409/Kunnakkudi_M_Balamuralikrishna/December_Season_2009/Aravinda_Pada_Malar/Aravinda_Pada_Malar,/home/izpiz/coding/automatic-raga-recognition/dataset/RagaDataset/Carnatic/features/09c179f3-8b19-4792-a852-e9fa0090e409
Carnatic,Kalyāṇi,bf4662d4-25c3-4cad-9249-4de2dc513c06,ae79b563-7d5e-4c31-b2f9-7cf7db1da1c1,RagaDataset/Carnatic/audio/bf4662d4-25c3-4cad-9249-4de2dc513c06/Sanjay_Subrahmanyan/Sanjay_at_Sastri_Hall/Vanajakshi_-_Varnam/Vanajakshi_-_Varnam,/home/izpiz/coding/automatic-raga-recognition/dataset/RagaDataset/Carnatic/features/bf4662d4-25c3-4cad-9249-4de2dc513c06
Carnatic,Kēdāragauḷa,df85a0a5-b1a8-42f1-a87b-3d7c7ee33fb4,996e9edf-ea0b-4ff6-a062-3cc7f563b56e,RagaDataset/Carnatic/audio/df85a0a5-b1a8-42f1-a87b-3d7c7ee33fb4/Unnikrishnan/December_Season_2005/Sami_Daya_Juda/Sami_Daya_Juda,/home/izpiz/coding/automatic-raga-recognition/dataset/RagaDataset/Carnatic/features/df85a0a5-b1a8-42f1-a87b-3d7c7ee33fb4
Carnatic,Kalyāṇi,bf4662d4-25c3-4cad-9249-4de2dc513c06,d25f460b-3e95-406c-bb65-8c1969e2c49c,RagaDataset/Carnatic/audio/bf4662d4-25c3-4cad-9249-4de2dc513c06/Gayathri_Venkataraghavan/December_Season_2008/Kanden_Kaliten/Kanden_Kaliten,/home/izpiz/coding/automatic-raga-recognition/dataset/RagaDataset/Carnatic/features/bf4662d4-25c3-4cad-9249-4de2dc513c06
Carnatic,Aṭāna,6345e8fe-7061-4bdc-842c-dcfd4a379820,df4ee485-0df2-46ae-9587-7f942dc2ffcb,RagaDataset/Carnatic/audio/6345e8fe-7061-4bdc-842c-dcfd4a379820/Maharajapuram_S_Ramachandran/December_Season_2009/Elara_Nee_Dayaraadu/Elara_Nee_Dayaraadu,/home/izpiz/coding/automatic-raga-recognition/dataset/RagaDataset/Carnatic/features/6345e8fe-7061-4bdc-842c-dcfd4a379820
Carnatic,Śankarābharaṇaṁ,a2f9f182-0ceb-4531-b286-b840b47a54b8,938abacd-5797-46d5-9b70-5512ef4d2dac,RagaDataset/Carnatic/audio/a2f9f182-0ceb-4531-b286-b840b47a54b8/Gayathri_Venkataraghavan/December_Season_2005/Manasu_Swamidhinamayi/Manasu_Swamidhinamayi,/home/izpiz/coding/automatic-raga-recognition/dataset/RagaDataset/Carnatic/features/a2f9f182-0ceb-4531-b286-b840b47a54b8
Carnatic,Mōhanaṁ,39821826-3327-41d7-9cd5-e22fe7b08360,0a1c2ae7-e933-458d-afac-fa081338d5de,RagaDataset/Carnatic/audio/39821826-3327-41d7-9cd5-e22fe7b08360/Chaitra_Sairam/Chaitra_Sairam_at_Arkay/Rakta_Ganapatim/Rakta_Ganapatim,/home/izpiz/coding/automatic-raga-recognition/dataset/RagaDataset/Carnatic/features/39821826-3327-41d7-9cd5-e22fe7b08360
Carnatic,Bhairavi,123b09bd-9901-4e64-a65a-10b02c9e0597,3cbe1ecb-896f-48d3-948d-bc0c76dc2687,RagaDataset/Carnatic/audio/123b09bd-9901-4e64-a65a-10b02c9e0597/Sikkil_Gurucharan/December_Season_2006/Keechu_Keechu/Keechu_Keechu,/home/izpiz/coding/automatic-raga-recognition/dataset/RagaDataset/Carnatic/features/123b09bd-9901-4e64-a65a-10b02c9e0597
Carnatic,Kāṁbhōji,f0866e71-33b2-47db-ab75-0808c41f2401,f6c659e6-abbf-4eb8-aacb-105056d7b47f,RagaDataset/Carnatic/audio/f0866e71-33b2-47db-ab75-0808c41f2401/Sumithra_Vasudev/December_Season_2010/Sarasijanabha/Sarasijanabha,/home/izpiz/coding/automatic-raga-recognition/dataset/RagaDataset/Carnatic/features/f0866e71-33b2-47db-ab75-0808c41f2401
Carnatic,Śankarābharaṇaṁ,a2f9f182-0ceb-4531-b286-b840b47a54b8,e192bf26-c5eb-477a-9899-406732a7893c,RagaDataset/Carnatic/audio/a2f9f182-0ceb-4531-b286-b840b47a54b8/Sanjay_Subrahmanyan/Compositions_Of_Muthuswami_Dikshitar/Sundareshwaraya_Namasthe/Sundareshwaraya_Namasthe,/home/izpiz/coding/automatic-raga-recognition/dataset/RagaDataset/Carnatic/features/a2f9f182-0ceb-4531-b286-b840b47a54b8
Carnatic,Kalyāṇi,bf4662d4-25c3-4cad-9249-4de2dc513c06,a03969da-2995-4991-9634-2b8904d4a2ad,RagaDataset/Carnatic/audio/bf4662d4-25c3-4cad-9249-4de2dc513c06/Sikkil_Gurucharan/December_Season_2004/Talli_Ninnu_Nera/Talli_Ninnu_Nera,/home/izpiz/coding/automatic-raga-recognition/dataset/RagaDataset/Carnatic/features/bf4662d4-25c3-4cad-9249-4de2dc513c06
Carnatic,Kāpi,09c179f3-8b19-4792-a852-e9fa0090e409,31ca1f76-ce7a-42f4-b429-ca43ef6b2ba1,RagaDataset/Carnatic/audio/09c179f3-8b19-4792-a852-e9fa0090e409/Sikkil_Gurucharan/December_Season_2011/Meevalla_Gunadosha/Meevalla_Gunadosha,/home/izpiz/coding/automatic-raga-recognition/dataset/RagaDataset/Carnatic/features/09c179f3-8b19-4792-a852-e9fa0090e409
Carnatic,Rītigauḷa,4ce0b18d-f4df-41cf-9b40-9166199506b4,cfaa7cb6-4a84-4a93-b3a9-371f5bf1b0bb,RagaDataset/Carnatic/audio/4ce0b18d-f4df-41cf-9b40-9166199506b4/Aruna_Sairam/Madrasil_Margazhi_2006/Tatvamariya_Tarama/Tatvamariya_Tarama,/home/izpiz/coding/automatic-raga-recognition/dataset/RagaDataset/Carnatic/features/4ce0b18d-f4df-41cf-9b40-9166199506b4
Carnatic,Rītigauḷa,4ce0b18d-f4df-41cf-9b40-9166199506b4,5fa0bcfd-c71e-4d6f-940e-0cef6fbc2a32,RagaDataset/Carnatic/audio/4ce0b18d-f4df-41cf-9b40-9166199506b4/Akkarai_Sisters/Akkarai_Sisters_at_Arkay/Koti_Janmani/Koti_Janmani,/home/izpiz/coding/automatic-raga-recognition/dataset/RagaDataset/Carnatic/features/4ce0b18d-f4df-41cf-9b40-9166199506b4
Carnatic,Kēdāragauḷa,df85a0a5-b1a8-42f1-a87b-3d7c7ee33fb4,a3dc0349-d629-4ccf-88be-4b4e9bedb104,RagaDataset/Carnatic/audio/df85a0a5-b1a8-42f1-a87b-3d7c7ee33fb4/Tanjore_S__Kalyanaraman/Live_Concert_1974/Venuganaloluni/Venuganaloluni,/home/izpiz/coding/automatic-raga-recognition/dataset/RagaDataset/Carnatic/features/df85a0a5-b1a8-42f1-a87b-3d7c7ee33fb4
Carnatic,Rītigauḷa,4ce0b18d-f4df-41cf-9b40-9166199506b4,7683b392-1b5b-4c4e-bdfc-683c22e0898f,RagaDataset/Carnatic/audio/4ce0b18d-f4df-41cf-9b40-9166199506b4/Nisha_P_Rajagopal/December_Season_2003/Dvaitamu/Dvaitamu,/home/izpiz/coding/automatic-raga-recognition/dataset/RagaDataset/Carnatic/features/4ce0b18d-f4df-41cf-9b40-9166199506b4
Carnatic,Mōhanaṁ,39821826-3327-41d7-9cd5-e22fe7b08360,ff71cc92-c19d-4788-9754-709cdbceb1c8,RagaDataset/Carnatic/audio/39821826-3327-41d7-9cd5-e22fe7b08360/Prasanna_Venkataraman/December_Season_2009/Nannupalimpa/Nannupalimpa,/home/izpiz/coding/automatic-raga-recognition/dataset/RagaDataset/Carnatic/features/39821826-3327-41d7-9cd5-e22fe7b08360
Carnatic,Rītigauḷa,4ce0b18d-f4df-41cf-9b40-9166199506b4,2090d3b6-e738-43bd-ba59-0e3836e6226f,RagaDataset/Carnatic/audio/4ce0b18d-f4df-41cf-9b40-9166199506b4/Kunnakkudi_M_Balamuralikrishna/December_Season_2009/Oraru_Mugane/Oraru_Mugane,/home/izpiz/coding/automatic-raga-recognition/dataset/RagaDataset/Carnatic/features/4ce0b18d-f4df-41cf-9b40-9166199506b4
Carnatic,Kāpi,09c179f3-8b19-4792-a852-e9fa0090e409,f769247c-e0c7-4078-8c5a-6741d12d06dd,RagaDataset/Carnatic/audio/09c179f3-8b19-4792-a852-e9fa0090e409/Sangeetha_Swaminathan/December_Season_1999/Amma_Kripai_Thandu/Amma_Kripai_Thandu,/home/izpiz/coding/automatic-raga-recognition/dataset/RagaDataset/Carnatic/features/09c179f3-8b19-4792-a852-e9fa0090e409
Carnatic,Kalyāṇi,bf4662d4-25c3-4cad-9249-4de2dc513c06,9c8810e5-178a-46df-a619-a89a547c53dd,RagaDataset/Carnatic/audio/bf4662d4-25c3-4cad-9249-4de2dc513c06/Sanjay_Subrahmanyan/December_Season_2006/Ambarame_Tannire/Ambarame_Tannire,/home/izpiz/coding/automatic-raga-recognition/dataset/RagaDataset/Carnatic/features/bf4662d4-25c3-4cad-9249-4de2dc513c06
Carnatic,Rītigauḷa,4ce0b18d-f4df-41cf-9b40-9166199506b4,65e824a1-9527-44e5-b272-486525b3061b,RagaDataset/Carnatic/audio/4ce0b18d-f4df-41cf-9b40-9166199506b4/Sikkil_Gurucharan/December_Season_2006/Nannu_Vidachi/Nannu_Vidachi,/home/izpiz/coding/automatic-raga-recognition/dataset/RagaDataset/Carnatic/features/4ce0b18d-f4df-41cf-9b40-9166199506b4
Carnatic,Bhairavi,123b09bd-9901-4e64-a65a-10b02c9e0597,8ea50416-583b-4a7f-891c-dc21b1a3c2c9,RagaDataset/Carnatic/audio/123b09bd-9901-4e64-a65a-10b02c9e0597/Rithvik_Raja/Rithvik_Raja_at_Arkay/Chintayama_Kanda/Chintayama_Kanda,/home/izpiz/coding/automatic-raga-recognition/dataset/RagaDataset/Carnatic/features/123b09bd-9901-4e64-a65a-10b02c9e0597
Carnatic,Kāṁbhōji,f0866e71-33b2-47db-ab75-0808c41f2401,958dbe4f-d910-425b-91de-3125f08a0a6c,"RagaDataset/Carnatic/audio/f0866e71-33b2-47db-ab75-0808c41f2401/Sanjay_Subrahmanyan/Kutcheri,_Live_at_Gokhale_Hall/Tiruvadicharanam/Tiruvadicharanam",/home/izpiz/coding/automatic-raga-recognition/dataset/RagaDataset/Carnatic/features/f0866e71-33b2-47db-ab75-0808c41f2401
Carnatic,Bhairavi,123b09bd-9901-4e64-a65a-10b02c9e0597,32d1f914-ee6d-497e-9d88-5a6544f56fac,RagaDataset/Carnatic/audio/123b09bd-9901-4e64-a65a-10b02c9e0597/T__M__Krishna/December_Season_1999/Viriboni/Viriboni,/home/izpiz/coding/automatic-raga-recognition/dataset/RagaDataset/Carnatic/features/123b09bd-9901-4e64-a65a-10b02c9e0597
Carnatic,Aṭāna,6345e8fe-7061-4bdc-842c-dcfd4a379820,324f3ce4-a77c-49ac-a98c-70511169b09e,RagaDataset/Carnatic/audio/6345e8fe-7061-4bdc-842c-dcfd4a379820/M__L__Vasanthakumari/Paddhatti/Kalakalan_Kayilai_Nathan/Kalakalan_Kayilai_Nathan,/home/izpiz/coding/automatic-raga-recognition/dataset/RagaDataset/Carnatic/features/6345e8fe-7061-4bdc-842c-dcfd4a379820
Carnatic,Mōhanaṁ,39821826-3327-41d7-9cd5-e22fe7b08360,21b210ec-6161-47e6-96fa-64a8bdcfadc9,RagaDataset/Carnatic/audio/39821826-3327-41d7-9cd5-e22fe7b08360/Sanjay_Subrahmanyan/December_Season_2001/Mohana_Rama/Mohana_Rama,/home/izpiz/coding/automatic-raga-recognition/dataset/RagaDataset/Carnatic/features/39821826-3327-41d7-9cd5-e22fe7b08360
Carnatic,Tōḍi,a9413dff-91d1-4e29-ad92-c04019dce5b8,0cc1dc29-05af-42eb-8b87-7d15d706d7a6,RagaDataset/Carnatic/audio/a9413dff-91d1-4e29-ad92-c04019dce5b8/Kunnakkudi_M_Balamuralikrishna/December_Season_2008/Kaddanu_Variki/Kaddanu_Variki,/home/izpiz/coding/automatic-raga-recognition/dataset/RagaDataset/Carnatic/features/a9413dff-91d1-4e29-ad92-c04019dce5b8
Carnatic,Rītigauḷa,4ce0b18d-f4df-41cf-9b40-9166199506b4,df035266-18b0-4609-95b0-544d315cf928,RagaDataset/Carnatic/audio/4ce0b18d-f4df-41cf-9b40-9166199506b4/T__M__Krishna/December_Season_2006/Cheraravade_Mi_Ra/Cheraravade_Mi_Ra,/home/izpiz/coding/automatic-raga-recognition/dataset/RagaDataset/Carnatic/features/4ce0b18d-f4df-41cf-9b40-9166199506b4
Carnatic,Kēdāragauḷa,df85a0a5-b1a8-42f1-a87b-3d7c7ee33fb4,71d1b4f4-d8d9-43f3-a901-672e9b438ebd,RagaDataset/Carnatic/audio/df85a0a5-b1a8-42f1-a87b-3d7c7ee33fb4/T__M__Krishna/December_Season_1999/Kedaragaula_-_Ragam_-_Vocal_-_Violin/Kedaragaula_-_Ragam_-_Vocal_-_Violin,/home/izpiz/coding/automatic-raga-recognition/dataset/RagaDataset/Carnatic/features/df85a0a5-b1a8-42f1-a87b-3d7c7ee33fb4
Carnatic,Aṭāna,6345e8fe-7061-4bdc-842c-dcfd4a379820,48916e31-9227-4af0-9adc-722f4f6696ce,RagaDataset/Carnatic/audio/6345e8fe-7061-4bdc-842c-dcfd4a379820/Nithyasree_Mahadevan/December_Season_2006/Sri_Vaidyanatham/Sri_Vaidyanatham,/home/izpiz/coding/automatic-raga-recognition/dataset/RagaDataset/Carnatic/features/6345e8fe-7061-4bdc-842c-dcfd4a379820
Carnatic,Śankarābharaṇaṁ,a2f9f182-0ceb-4531-b286-b840b47a54b8,507dee76-e260-469e-a4a8-122e69168333,RagaDataset/Carnatic/audio/a2f9f182-0ceb-4531-b286-b840b47a54b8/Sanjay_Subrahmanyan/Live_in_USA_-_Sanjay_Subrahmanyan/Shankaracharyam/Shankaracharyam,/home/izpiz/coding/automatic-raga-recognition/dataset/RagaDataset/Carnatic/features/a2f9f182-0ceb-4531-b286-b840b47a54b8
Carnatic,Mōhanaṁ,39821826-3327-41d7-9cd5-e22fe7b08360,a5bd8893-27f6-4abe-9091-d11a70a0de31,RagaDataset/Carnatic/audio/39821826-3327-41d7-9cd5-e22fe7b08360/Prasanna_Venkataraman/December_Season_2011/Narayana_Divya_namam/Narayana_Divya_namam,/home/izpiz/coding/automatic-raga-recognition/dataset/RagaDataset/Carnatic/features/39821826-3327-41d7-9cd5-e22fe7b08360
Carnatic,Mōhanaṁ,39821826-3327-41d7-9cd5-e22fe7b08360,f8a59e96-d548-4ac1-bed6-9cee22fcf23a,RagaDataset/Carnatic/audio/39821826-3327-41d7-9cd5-e22fe7b08360/K__V__Narayanaswami/Collectors_Choice/Evarura/Evarura,/home/izpiz/coding/automatic-raga-recognition/dataset/RagaDataset/Carnatic/features/39821826-3327-41d7-9cd5-e22fe7b08360
Carnatic,Bhairavi,123b09bd-9901-4e64-a65a-10b02c9e0597,cf329be4-2426-453e-91f3-6288f7a57e34,RagaDataset/Carnatic/audio/123b09bd-9901-4e64-a65a-10b02c9e0597/Amritha_Murali/December_Season_2009/Enati_Nomu_Phalamu/Enati_Nomu_Phalamu,/home/izpiz/coding/automatic-raga-recognition/dataset/RagaDataset/Carnatic/features/123b09bd-9901-4e64-a65a-10b02c9e0597
Carnatic,Kāṁbhōji,f0866e71-33b2-47db-ab75-0808c41f2401,1520c037-248b-46c8-8eab-65e31d3f3b08,RagaDataset/Carnatic/audio/f0866e71-33b2-47db-ab75-0808c41f2401/Sanjay_Subrahmanyan/Sanjay_at_Sastri_Hall/O_Rangashayee/O_Rangashayee,/home/izpiz/coding/automatic-raga-recognition/dataset/RagaDataset/Carnatic/features/f0866e71-33b2-47db-ab75-0808c41f2401
Carnatic,Tōḍi,a9413dff-91d1-4e29-ad92-c04019dce5b8,d6667e3e-752d-4553-89e9-aaa24064ae21,RagaDataset/Carnatic/audio/a9413dff-91d1-4e29-ad92-c04019dce5b8/Bombay_Jayashri/December_Season_2008/Emi_Jesite_Nemi/Emi_Jesite_Nemi,/home/izpiz/coding/automatic-raga-recognition/dataset/RagaDataset/Carnatic/features/a9413dff-91d1-4e29-ad92-c04019dce5b8
Carnatic,Mōhanaṁ,39821826-3327-41d7-9cd5-e22fe7b08360,705ebab8-cabd-4d6b-a12e-9fe4e2022613,RagaDataset/Carnatic/audio/39821826-3327-41d7-9cd5-e22fe7b08360/Amrutha_Venkatesh/December_Season_2010/Vandaan_Vandaan_Bharatha/Vandaan_Vandaan_Bharatha,/home/izpiz/coding/automatic-raga-recognition/dataset/RagaDataset/Carnatic/features/39821826-3327-41d7-9cd5-e22fe7b08360
Carnatic,Kēdāragauḷa,df85a0a5-b1a8-42f1-a87b-3d7c7ee33fb4,6c860efd-82e8-4df5-8c54-ec212edeb888,RagaDataset/Carnatic/audio/df85a0a5-b1a8-42f1-a87b-3d7c7ee33fb4/Rithvik_Raja/Rithvik_Raja_at_Arkay/Saraguna_Palimpa/Saraguna_Palimpa,/home/izpiz/coding/automatic-raga-recognition/dataset/RagaDataset/Carnatic/features/df85a0a5-b1a8-42f1-a87b-3d7c7ee33fb4
Carnatic,Kēdāragauḷa,df85a0a5-b1a8-42f1-a87b-3d7c7ee33fb4,6cbaa215-c8ac-416c-bbc7-2a04bf277843,RagaDataset/Carnatic/audio/df85a0a5-b1a8-42f1-a87b-3d7c7ee33fb4/T__M__Krishna/December_Season_1999/Saraguna_Paalimpa/Saraguna_Paalimpa,/home/izpiz/coding/automatic-raga-recognition/dataset/RagaDataset/Carnatic/features/df85a0a5-b1a8-42f1-a87b-3d7c7ee33fb4
Carnatic,Kēdāragauḷa,df85a0a5-b1a8-42f1-a87b-3d7c7ee33fb4,3689ff42-2ed3-4d2f-b448-6083bdde2db5,RagaDataset/Carnatic/audio/df85a0a5-b1a8-42f1-a87b-3d7c7ee33fb4/K__V__Narayanaswami/K__V__Narayanaswami_concert_at_Ohio_1998/Andarama_Soundarya/Andarama_Soundarya,/home/izpiz/coding/automatic-raga-recognition/dataset/RagaDataset/Carnatic/features/df85a0a5-b1a8-42f1-a87b-3d7c7ee33fb4
Carnatic,Kēdāragauḷa,df85a0a5-b1a8-42f1-a87b-3d7c7ee33fb4,e2548ebd-d52d-4343-b78d-fa32e337362d,RagaDataset/Carnatic/audio/df85a0a5-b1a8-42f1-a87b-3d7c7ee33fb4/Sanjay_Subrahmanyan/December_Season_2010/Venugana_Loluni/Venugana_Loluni,/home/izpiz/coding/automatic-raga-recognition/dataset/RagaDataset/Carnatic/features/df85a0a5-b1a8-42f1-a87b-3d7c7ee33fb4
Carnatic,Rītigauḷa,4ce0b18d-f4df-41cf-9b40-9166199506b4,ce814724-6dd5-4fe0-8526-616e4f89b3e2,RagaDataset/Carnatic/audio/4ce0b18d-f4df-41cf-9b40-9166199506b4/Amrutha_Venkatesh/December_Season_2008/Janani_Ninnu_Vina/Janani_Ninnu_Vina,/home/izpiz/coding/automatic-raga-recognition/dataset/RagaDataset/Carnatic/features/4ce0b18d-f4df-41cf-9b40-9166199506b4
Carnatic,Rītigauḷa,4ce0b18d-f4df-41cf-9b40-9166199506b4,029adb58-0f47-4c96-8f12-b7e31fc889bb,RagaDataset/Carnatic/audio/4ce0b18d-f4df-41cf-9b40-9166199506b4/Sandeep_Narayan/December_Season_2011/Vanajaksha/Vanajaksha,/home/izpiz/coding/automatic-raga-recognition/dataset/RagaDataset/Carnatic/features/4ce0b18d-f4df-41cf-9b40-9166199506b4
Carnatic,Kēdāragauḷa,df85a0a5-b1a8-42f1-a87b-3d7c7ee33fb4,8ee9abee-f169-4b75-a742-11072917b8ed,RagaDataset/Carnatic/audio/df85a0a5-b1a8-42f1-a87b-3d7c7ee33fb4/Prasanna_Venkataraman/December_Season_2008/Saragunapalimpa/Saragunapalimpa,/home/izpiz/coding/automatic-raga-recognition/dataset/RagaDataset/Carnatic/features/df85a0a5-b1a8-42f1-a87b-3d7c7ee33fb4
Carnatic,Kāpi,09c179f3-8b19-4792-a852-e9fa0090e409,0096a390-e1dd-4e29-a4c9-2e92352535c4,RagaDataset/Carnatic/audio/09c179f3-8b19-4792-a852-e9fa0090e409/M_S__Subbulakshmi/M_S__Subbulakshmi_concert_at_Chicago_1977/Jagadoddharan/Jagadoddharan,/home/izpiz/coding/automatic-raga-recognition/dataset/RagaDataset/Carnatic/features/09c179f3-8b19-4792-a852-e9fa0090e409
Carnatic,Kēdāragauḷa,df85a0a5-b1a8-42f1-a87b-3d7c7ee33fb4,73ecd4a2-fb9d-4c4d-a7c6-12490e6b1d3f,RagaDataset/Carnatic/audio/df85a0a5-b1a8-42f1-a87b-3d7c7ee33fb4/G__N__Balasubramaniam/Sangeethamrutham/Innamum_Oru_daram/Innamum_Oru_daram,/home/izpiz/coding/automatic-raga-recognition/dataset/RagaDataset/Carnatic/features/df85a0a5-b1a8-42f1-a87b-3d7c7ee33fb4
Carnatic,Tōḍi,a9413dff-91d1-4e29-ad92-c04019dce5b8,bdc67542-86ca-4d8c-9733-987ce8c6f3a2,RagaDataset/Carnatic/audio/a9413dff-91d1-4e29-ad92-c04019dce5b8/Sanjay_Subrahmanyan/December_Season_2010/Varnam_Eranapai_Inta/Varnam_Eranapai_Inta,/home/izpiz/coding/automatic-raga-recognition/dataset/RagaDataset/Carnatic/features/a9413dff-91d1-4e29-ad92-c04019dce5b8
Carnatic,Aṭāna,6345e8fe-7061-4bdc-842c-dcfd4a379820,e9b19186-37a9-4048-855b-5d61446a65b8,RagaDataset/Carnatic/audio/6345e8fe-7061-4bdc-842c-dcfd4a379820/Gayathri_Girish/December_Season_2007/Anupamagunabhudhi/Anupamagunabhudhi,/home/izpiz/coding/automatic-raga-recognition/dataset/RagaDataset/Carnatic/features/6345e8fe-7061-4bdc-842c-dcfd4a379820
Carnatic,Tōḍi,a9413dff-91d1-4e29-ad92-c04019dce5b8,1f33403a-d774-4338-9414-5353e22419d4,RagaDataset/Carnatic/audio/a9413dff-91d1-4e29-ad92-c04019dce5b8/Sangeetha_Swaminathan/December_Season_2009/Jesina_Della/Jesina_Della,/home/izpiz/coding/automatic-raga-recognition/dataset/RagaDataset/Carnatic/features/a9413dff-91d1-4e29-ad92-c04019dce5b8
Carnatic,Kāṁbhōji,f0866e71-33b2-47db-ab75-0808c41f2401,6f0a54e1-4dc0-4b3e-9482-94670862d8bf,RagaDataset/Carnatic/audio/f0866e71-33b2-47db-ab75-0808c41f2401/Musiri_Subramania_Iyer/Paddhatti/Tiruvadicharanam/Tiruvadicharanam,/home/izpiz/coding/automatic-raga-recognition/dataset/RagaDataset/Carnatic/features/f0866e71-33b2-47db-ab75-0808c41f2401
Carnatic,Rītigauḷa,4ce0b18d-f4df-41cf-9b40-9166199506b4,eab9870a-5dcb-4711-874a-6b27420d7f9b,RagaDataset/Carnatic/audio/4ce0b18d-f4df-41cf-9b40-9166199506b4/Sangeetha_Swaminathan/December_Season_2010/Nannu_vidachi/Nannu_vidachi,/home/izpiz/coding/automatic-raga-recognition/dataset/RagaDataset/Carnatic/features/4ce0b18d-f4df-41cf-9b40-9166199506b4
Carnatic,Śankarābharaṇaṁ,a2f9f182-0ceb-4531-b286-b840b47a54b8,34954764-c897-48c6-b8d2-f50b682e29d8,RagaDataset/Carnatic/audio/a2f9f182-0ceb-4531-b286-b840b47a54b8/T__M__Krishna/December_Season_2008/Dakshinamurte/Dakshinamurte,/home/izpiz/coding/automatic-raga-recognition/dataset/RagaDataset/Carnatic/features/a2f9f182-0ceb-4531-b286-b840b47a54b8
Carnatic,Kāṁbhōji,f0866e71-33b2-47db-ab75-0808c41f2401,2bade8d8-1cfa-4076-9329-98f7cacc65a0,RagaDataset/Carnatic/audio/f0866e71-33b2-47db-ab75-0808c41f2401/T__M__Krishna/December_Season_2009/Nadamadi/Nadamadi,/home/izpiz/coding/automatic-raga-recognition/dataset/RagaDataset/Carnatic/features/f0866e71-33b2-47db-ab75-0808c41f2401
Carnatic,Kalyāṇi,bf4662d4-25c3-4cad-9249-4de2dc513c06,955574f7-453e-4625-862d-fc277409b52f,RagaDataset/Carnatic/audio/bf4662d4-25c3-4cad-9249-4de2dc513c06/Abhishek_Raghuram/Pravrddha_Sri_Lalgudi_Pancharatna_Kritis/Isha_Paahimam/Isha_Paahimam,/home/izpiz/coding/automatic-raga-recognition/dataset/RagaDataset/Carnatic/features/bf4662d4-25c3-4cad-9249-4de2dc513c06
Carnatic,Tōḍi,a9413dff-91d1-4e29-ad92-c04019dce5b8,e692d4fb-cf20-4d4f-a40f-d538d61f10b3,RagaDataset/Carnatic/audio/a9413dff-91d1-4e29-ad92-c04019dce5b8/T__M__Krishna/December_Season_2005/Dachchuko_Valena_Dasharathi/Dachchuko_Valena_Dasharathi,/home/izpiz/coding/automatic-raga-recognition/dataset/RagaDataset/Carnatic/features/a9413dff-91d1-4e29-ad92-c04019dce5b8
Carnatic,Kāpi,09c179f3-8b19-4792-a852-e9fa0090e409,d6b02b8d-ae96-4a43-a8a5-2cc830761cce,RagaDataset/Carnatic/audio/09c179f3-8b19-4792-a852-e9fa0090e409/Sikkil_Gurucharan/December_Season_2007/Jo_Achyuta_Nanda/Jo_Achyuta_Nanda,/home/izpiz/coding/automatic-raga-recognition/dataset/RagaDataset/Carnatic/features/09c179f3-8b19-4792-a852-e9fa0090e409
Carnatic,Mōhanaṁ,39821826-3327-41d7-9cd5-e22fe7b08360,f9a48fa0-0392-4f00-af73-dfdc5b464744,RagaDataset/Carnatic/audio/39821826-3327-41d7-9cd5-e22fe7b08360/Sangeetha_Swaminathan/December_Season_2011/Pahimam_Parvati/Pahimam_Parvati,/home/izpiz/coding/automatic-raga-recognition/dataset/RagaDataset/Carnatic/features/39821826-3327-41d7-9cd5-e22fe7b08360
Carnatic,Tōḍi,a9413dff-91d1-4e29-ad92-c04019dce5b8,54efb599-d288-4fb6-b94c-697d135d88e8,RagaDataset/Carnatic/audio/a9413dff-91d1-4e29-ad92-c04019dce5b8/T__M__Krishna/Madrasil_Margazhi_2006/Dasarathi_Ni/Dasarathi_Ni,/home/izpiz/coding/automatic-raga-recognition/dataset/RagaDataset/Carnatic/features/a9413dff-91d1-4e29-ad92-c04019dce5b8
Carnatic,Aṭāna,6345e8fe-7061-4bdc-842c-dcfd4a379820,c1ac37ed-c877-4d86-b1ad-ccf1499adc16,RagaDataset/Carnatic/audio/6345e8fe-7061-4bdc-842c-dcfd4a379820/Gayathri_Venkataraghavan/December_Season_2006/Sri_Rama_Nama_Bhajanai/Sri_Rama_Nama_Bhajanai,/home/izpiz/coding/automatic-raga-recognition/dataset/RagaDataset/Carnatic/features/6345e8fe-7061-4bdc-842c-dcfd4a379820
Carnatic,Kāṁbhōji,f0866e71-33b2-47db-ab75-0808c41f2401,738433ad-9009-44df-80c0-6febc57e4ce8,RagaDataset/Carnatic/audio/f0866e71-33b2-47db-ab75-0808c41f2401/K__V__Narayanaswami/K__V__Narayanaswami_concert_at_Palace_1986/Marakatha_Valli/Marakatha_Valli,/home/izpiz/coding/automatic-raga-recognition/dataset/RagaDataset/Carnatic/features/f0866e71-33b2-47db-ab75-0808c41f2401
Carnatic,Tōḍi,a9413dff-91d1-4e29-ad92-c04019dce5b8,87d2a5b0-59cf-4c4d-8e85-2215fd5924de,RagaDataset/Carnatic/audio/a9413dff-91d1-4e29-ad92-c04019dce5b8/Nisha_P_Rajagopal/December_Season_2008/Ninne_Nammi_Naanu/Ninne_Nammi_Naanu,/home/izpiz/coding/automatic-raga-recognition/dataset/RagaDataset/Carnatic/features/a9413dff-91d1-4e29-ad92-c04019dce5b8
Carnatic,Aṭāna,6345e8fe-7061-4bdc-842c-dcfd4a379820,8bb870f5-f6b5-4219-8df4-244346508a1e,RagaDataset/Carnatic/audio/6345e8fe-7061-4bdc-842c-dcfd4a379820/Kunnakkudi_M_Balamuralikrishna/December_Season_2006/Ilalo_Pranatartiharudanuchu/Ilalo_Pranatartiharudanuchu,/home/izpiz/coding/automatic-raga-recognition/dataset/RagaDataset/Carnatic/features/6345e8fe-7061-4bdc-842c-dcfd4a379820
Carnatic,Mōhanaṁ,39821826-3327-41d7-9cd5-e22fe7b08360,bce736e0-4ec1-4b08-b3c2-94c6709ae066,"RagaDataset/Carnatic/audio/39821826-3327-41d7-9cd5-e22fe7b08360/Sanjay_Subrahmanyan/Kutcheri,_Live_at_Gokhale_Hall/Kapali/Kapali",/home/izpiz/coding/automatic-raga-recognition/dataset/RagaDataset/Carnatic/features/39821826-3327-41d7-9cd5-e22fe7b08360
Carnatic,Śankarābharaṇaṁ,a2f9f182-0ceb-4531-b286-b840b47a54b8,2922757b-5a42-48b9-9f2e-7a4ae6b6073c,RagaDataset/Carnatic/audio/a2f9f182-0ceb-4531-b286-b840b47a54b8/M_S__Subbulakshmi/Paddhatti/Emi_Neramu/Emi_Neramu,/home/izpiz/coding/automatic-raga-recognition/dataset/RagaDataset/Carnatic/features/a2f9f182-0ceb-4531-b286-b840b47a54b8
Carnatic,Bhairavi,123b09bd-9901-4e64-a65a-10b02c9e0597,32806112-2104-4df2-972e-a527be20e82a,RagaDataset/Carnatic/audio/123b09bd-9901-4e64-a65a-10b02c9e0597/Sanjay_Subrahmanyan/Live_at_Kamarajar_Hall/Kamakshi/Kamakshi,/home/izpiz/coding/automatic-raga-recognition/dataset/RagaDataset/Carnatic/features/123b09bd-9901-4e64-a65a-10b02c9e0597
Carnatic,Kāṁbhōji,f0866e71-33b2-47db-ab75-0808c41f2401,0ba5d4d1-037b-4dcc-ae0c-c832a7681b89,RagaDataset/Carnatic/audio/f0866e71-33b2-47db-ab75-0808c41f2401/K__V__Narayanaswami/Master_Piece_-_Live_Concert_at_Sri_Krishna_Gana_Sabha_Vol_II/Rasa_Vilasa/Rasa_Vilasa,/home/izpiz/coding/automatic-raga-recognition/dataset/RagaDataset/Carnatic/features/f0866e71-33b2-47db-ab75-0808c41f2401
Carnatic,Kāpi,09c179f3-8b19-4792-a852-e9fa0090e409,92c61c93-4a02-457e-8416-30af03d207dd,RagaDataset/Carnatic/audio/09c179f3-8b19-4792-a852-e9fa0090e409/Prasanna_Venkataraman/December_Season_2007/Vizhikkuttunai/Vizhikkuttunai,/home/izpiz/coding/automatic-raga-recognition/dataset/RagaDataset/Carnatic/features/09c179f3-8b19-4792-a852-e9fa0090e409
Carnatic,Kalyāṇi,bf4662d4-25c3-4cad-9249-4de2dc513c06,f703d83f-374c-41e7-a9fe-92b10c5678cf,RagaDataset/Carnatic/audio/bf4662d4-25c3-4cad-9249-4de2dc513c06/Amrutha_Venkatesh/December_Season_2009/Vanajakshiro/Vanajakshiro,/home/izpiz/coding/automatic-raga-recognition/dataset/RagaDataset/Carnatic/features/bf4662d4-25c3-4cad-9249-4de2dc513c06
Carnatic,Kāpi,09c179f3-8b19-4792-a852-e9fa0090e409,2c666f9b-17ae-4b27-8d29-a2bb49c2c2f5,RagaDataset/Carnatic/audio/09c179f3-8b19-4792-a852-e9fa0090e409/Sikkil_Gurucharan/December_Season_2009/Kartikeyanai_Kannara/Kartikeyanai_Kannara,/home/izpiz/coding/automatic-raga-recognition/dataset/RagaDataset/Carnatic/features/09c179f3-8b19-4792-a852-e9fa0090e409
Carnatic,Bhairavi,123b09bd-9901-4e64-a65a-10b02c9e0597,97bdb44f-962c-45bf-8380-f9626ee00851,RagaDataset/Carnatic/audio/123b09bd-9901-4e64-a65a-10b02c9e0597/D__K__Jayaraman/Paddhatti_Live_In_Concert_1990/Thaye_Ezhai/Thaye_Ezhai,/home/izpiz/coding/automatic-raga-recognition/dataset/RagaDataset/Carnatic/features/123b09bd-9901-4e64-a65a-10b02c9e0597
Carnatic,Bhairavi,123b09bd-9901-4e64-a65a-10b02c9e0597,fafd1a88-325d-4daa-999e-9dfdba4853ba,RagaDataset/Carnatic/audio/123b09bd-9901-4e64-a65a-10b02c9e0597/Bombay_Jayashri/Madrasil_Margazhi_2006/Sri_Raghuvara_Sugunalaya/Sri_Raghuvara_Sugunalaya,/home/izpiz/coding/automatic-raga-recognition/dataset/RagaDataset/Carnatic/features/123b09bd-9901-4e64-a65a-10b02c9e0597
Carnatic,Śankarābharaṇaṁ,a2f9f182-0ceb-4531-b286-b840b47a54b8,09da4438-b10c-470a-9b8b-a8012c8098ec,RagaDataset/Carnatic/audio/a2f9f182-0ceb-4531-b286-b840b47a54b8/Sumithra_Vasudev/Tasmai_Sri_Gurave_Namaha/Sri_Dakshinamurte/Sri_Dakshinamurte,/home/izpiz/coding/automatic-raga-recognition/dataset/RagaDataset/Carnatic/features/a2f9f182-0ceb-4531-b286-b840b47a54b8
Carnatic,Mōhanaṁ,39821826-3327-41d7-9cd5-e22fe7b08360,d449e125-c3df-4e3f-9213-d1839f05abb8,RagaDataset/Carnatic/audio/39821826-3327-41d7-9cd5-e22fe7b08360/Prasanna_Venkataraman/December_Season_2007/Rama_Ninne/Rama_Ninne,/home/izpiz/coding/automatic-raga-recognition/dataset/RagaDataset/Carnatic/features/39821826-3327-41d7-9cd5-e22fe7b08360
Carnatic,Aṭāna,6345e8fe-7061-4bdc-842c-dcfd4a379820,6c6c9860-6fe6-40a0-a30d-d28a8a631437,RagaDataset/Carnatic/audio/6345e8fe-7061-4bdc-842c-dcfd4a379820/T__Brinda/All_Time_Favourites_-_Vol_2/Valaputala/Valaputala,/home/izpiz/coding/automatic-raga-recognition/dataset/RagaDataset/Carnatic/features/6345e8fe-7061-4bdc-842c-dcfd4a379820
Carnatic,Śankarābharaṇaṁ,a2f9f182-0ceb-4531-b286-b840b47a54b8,f02dca27-cc74-4776-8fb8-dd1674e00434,RagaDataset/Carnatic/audio/a2f9f182-0ceb-4531-b286-b840b47a54b8/Sikkil_Gurucharan/December_Season_2007/Sami_Ninne/Sami_Ninne,/home/izpiz/coding/automatic-raga-recognition/dataset/RagaDataset/Carnatic/features/a2f9f182-0ceb-4531-b286-b840b47a54b8
Carnatic,Kāṁbhōji,f0866e71-33b2-47db-ab75-0808c41f2401,323ff36b-db5c-4d91-a33a-239a944810e2,RagaDataset/Carnatic/audio/f0866e71-33b2-47db-ab75-0808c41f2401/Nithyasree_Mahadevan/December_Season_2002/Sri_Raghuvara/Sri_Raghuvara,/home/izpiz/coding/automatic-raga-recognition/dataset/RagaDataset/Carnatic/features/f0866e71-33b2-47db-ab75-0808c41f2401
Carnatic,Kāṁbhōji,f0866e71-33b2-47db-ab75-0808c41f2401,28bbe763-865b-4dd8-9e47-3b74919e945c,RagaDataset/Carnatic/audio/f0866e71-33b2-47db-ab75-0808c41f2401/M_S__Subbulakshmi/Paddhatti/O_Ranga_Sai/O_Ranga_Sai,/home/izpiz/coding/automatic-raga-recognition/dataset/RagaDataset/Carnatic/features/f0866e71-33b2-47db-ab75-0808c41f2401
Carnatic,Rītigauḷa,4ce0b18d-f4df-41cf-9b40-9166199506b4,6feaf61d-1ac3-4f35-a73f-7f4ea6647056,RagaDataset/Carnatic/audio/4ce0b18d-f4df-41cf-9b40-9166199506b4/Vasundara_Rajagopal/Vasundara_Rajagopal_at_Arkay/Ninnuvina_Marigalada/Ninnuvina_Marigalada,/home/izpiz/coding/automatic-raga-recognition/dataset/RagaDataset/Carnatic/features/4ce0b18d-f4df-41cf-9b40-9166199506b4
Carnatic,Kalyāṇi,bf4662d4-25c3-4cad-9249-4de2dc513c06,19b4b0aa-a8fd-43d1-be38-4119abf7f8ca,RagaDataset/Carnatic/audio/bf4662d4-25c3-4cad-9249-4de2dc513c06/Vijay_Siva/Madrasil_Margazhi_2006/Abhayamba/Abhayamba,/home/izpiz/coding/automatic-raga-recognition/dataset/RagaDataset/Carnatic/features/bf4662d4-25c3-4cad-9249-4de2dc513c06
Carnatic,Kāpi,09c179f3-8b19-4792-a852-e9fa0090e409,3f0ea455-7e47-48c6-942a-9dd60d36e04b,RagaDataset/Carnatic/audio/09c179f3-8b19-4792-a852-e9fa0090e409/Gayathri_Venkataraghavan/December_Season_2010/Jagadodharana/Jagadodharana,/home/izpiz/coding/automatic-raga-recognition/dataset/RagaDataset/Carnatic/features/09c179f3-8b19-4792-a852-e9fa0090e409
Carnatic,Bhairavi,123b09bd-9901-4e64-a65a-10b02c9e0597,18d13645-6a51-4483-b122-6402f633a69b,RagaDataset/Carnatic/audio/123b09bd-9901-4e64-a65a-10b02c9e0597/Amritha_Murali/December_Season_2008/Upacharamu/Upacharamu,/home/izpiz/coding/automatic-raga-recognition/dataset/RagaDataset/Carnatic/features/123b09bd-9901-4e64-a65a-10b02c9e0597
Carnatic,Kalyāṇi,bf4662d4-25c3-4cad-9249-4de2dc513c06,94ddddb3-892f-46e0-a159-735794eb0871,RagaDataset/Carnatic/audio/bf4662d4-25c3-4cad-9249-4de2dc513c06/Nisha_P_Rajagopal/December_Season_2011/Nidhi_Chala_Sukhama/Nidhi_Chala_Sukhama,/home/izpiz/coding/automatic-raga-recognition/dataset/RagaDataset/Carnatic/features/bf4662d4-25c3-4cad-9249-4de2dc513c06
Carnatic,Kalyāṇi,bf4662d4-25c3-4cad-9249-4de2dc513c06,2ea6cabb-a422-4c1b-8f0b-752cbe68a5d4,RagaDataset/Carnatic/audio/bf4662d4-25c3-4cad-9249-4de2dc513c06/Tanjore_S_Kalyanaraman/Tanjore_S_KALYANARAMAN_Live_in_concert-1972-vol_I_and_vol_II/Talli_Ninnu_Nera/Talli_Ninnu_Nera,/home/izpiz/coding/automatic-raga-recognition/dataset/RagaDataset/Carnatic/features/bf4662d4-25c3-4cad-9249-4de2dc513c06
Carnatic,Śankarābharaṇaṁ,a2f9f182-0ceb-4531-b286-b840b47a54b8,37476bbe-b180-415d-8368-af2c21d1b190,RagaDataset/Carnatic/audio/a2f9f182-0ceb-4531-b286-b840b47a54b8/Sanjay_Subrahmanyan/December_Season_2010/Buddhi_Raadu/Buddhi_Raadu,/home/izpiz/coding/automatic-raga-recognition/dataset/RagaDataset/Carnatic/features/a2f9f182-0ceb-4531-b286-b840b47a54b8
Carnatic,Śankarābharaṇaṁ,a2f9f182-0ceb-4531-b286-b840b47a54b8,b8bf8bff-7570-4591-b819-e3182ea45515,RagaDataset/Carnatic/audio/a2f9f182-0ceb-4531-b286-b840b47a54b8/Sanjay_Subrahmanyan/Live_at_Kamarajar_Hall/Undan_Paada_Pankayam/Undan_Paada_Pankayam,/home/izpiz/coding/automatic-raga-recognition/dataset/RagaDataset/Carnatic/features/a2f9f182-0ceb-4531-b286-b840b47a54b8
Carnatic,Kāpi,09c179f3-8b19-4792-a852-e9fa0090e409,3d13fd51-456e-46d6-a6e7-c6e50991fdac,RagaDataset/Carnatic/audio/09c179f3-8b19-4792-a852-e9fa0090e409/Sikkil_Gurucharan/December_Season_2006/Kanaka_Sabhaiyai/Kanaka_Sabhaiyai,/home/izpiz/coding/automatic-raga-recognition/dataset/RagaDataset/Carnatic/features/09c179f3-8b19-4792-a852-e9fa0090e409
Carnatic,Kāṁbhōji,f0866e71-33b2-47db-ab75-0808c41f2401,728b5ad7-5348-4d24-bcf9-a6e6223ff7db,RagaDataset/Carnatic/audio/f0866e71-33b2-47db-ab75-0808c41f2401/Amritha_Murali/December_Season_2011/Koniyadina_Napai/Koniyadina_Napai,/home/izpiz/coding/automatic-raga-recognition/dataset/RagaDataset/Carnatic/features/f0866e71-33b2-47db-ab75-0808c41f2401
Carnatic,Kēdāragauḷa,df85a0a5-b1a8-42f1-a87b-3d7c7ee33fb4,26f0ffe7-a1d2-4644-96c2-02d6f17ddcbb,RagaDataset/Carnatic/audio/df85a0a5-b1a8-42f1-a87b-3d7c7ee33fb4/Nithyasree_Mahadevan/December_Season_2000/Sami_Daya_Juda_-_Varnam/Sami_Daya_Juda_-_Varnam,/home/izpiz/coding/automatic-raga-recognition/dataset/RagaDataset/Carnatic/features/df85a0a5-b1a8-42f1-a87b-3d7c7ee33fb4
Carnatic,Kāpi,09c179f3-8b19-4792-a852-e9fa0090e409,f1f04b03-3f91-4d31-bf7b-6c21d26eeb7e,RagaDataset/Carnatic/audio/09c179f3-8b19-4792-a852-e9fa0090e409/Amritha_Murali/December_Season_2011/Brindavana_Dolagaaduva/Brindavana_Dolagaaduva,/home/izpiz/coding/automatic-raga-recognition/dataset/RagaDataset/Carnatic/features/09c179f3-8b19-4792-a852-e9fa0090e409
Carnatic,Bhairavi,123b09bd-9901-4e64-a65a-10b02c9e0597,6fbf2d80-ada4-41aa-8baa-fb288619883e,RagaDataset/Carnatic/audio/123b09bd-9901-4e64-a65a-10b02c9e0597/Gayathri_Venkataraghavan/December_Season_2001/Sariyevaramma/Sariyevaramma,/home/izpiz/coding/automatic-raga-recognition/dataset/RagaDataset/Carnatic/features/123b09bd-9901-4e64-a65a-10b02c9e0597
Carnatic,Mōhanaṁ,39821826-3327-41d7-9cd5-e22fe7b08360,5aa585aa-57a6-4b53-9f5f-299fc2292d82,RagaDataset/Carnatic/audio/39821826-3327-41d7-9cd5-e22fe7b08360/Prasanna_Venkataraman/December_Season_2008/Maruvakadaya/Maruvakadaya,/home/izpiz/coding/automatic-raga-recognition/dataset/RagaDataset/Carnatic/features/39821826-3327-41d7-9cd5-e22fe7b08360
Carnatic,Rītigauḷa,4ce0b18d-f4df-41cf-9b40-9166199506b4,560fe16b-6585-4eb5-94f4-92fffb7a481d,RagaDataset/Carnatic/audio/4ce0b18d-f4df-41cf-9b40-9166199506b4/Sanjay_Subrahmanyan/December_Season_2010/Raagaratna_malikache/Raagaratna_malikache,/home/izpiz/coding/automatic-raga-recognition/dataset/RagaDataset/Carnatic/features/4ce0b18d-f4df-41cf-9b40-9166199506b4
Carnatic,Śankarābharaṇaṁ,a2f9f182-0ceb-4531-b286-b840b47a54b8,2811747b-b49f-4a8f-b636-d5312056f4fc,RagaDataset/Carnatic/audio/a2f9f182-0ceb-4531-b286-b840b47a54b8/Nithyasree_Mahadevan/December_Season_2007/Tukiya_Tiruvadi/Tukiya_Tiruvadi,/home/izpiz/coding/automatic-raga-recognition/dataset/RagaDataset/Carnatic/features/a2f9f182-0ceb-4531-b286-b840b47a54b8
Carnatic,Bhairavi,123b09bd-9901-4e64-a65a-10b02c9e0597,7786af52-fc31-492d-9ed7-6b230644a303,RagaDataset/Carnatic/audio/123b09bd-9901-4e64-a65a-10b02c9e0597/Nisha_P_Rajagopal/December_Season_2009/Raksha_Bettare/Raksha_Bettare,/home/izpiz/coding/automatic-raga-recognition/dataset/RagaDataset/Carnatic/features/123b09bd-9901-4e64-a65a-10b02c9e0597
Carnatic,Kalyāṇi,bf4662d4-25c3-4cad-9249-4de2dc513c06,8fed9a77-2f4c-4a26-b0f6-6919fd469e2b,RagaDataset/Carnatic/audio/bf4662d4-25c3-4cad-9249-4de2dc513c06/Modhumudi_Sudhakar/Modhumudi_Sudhakar_at_Arkay/Sundari_Nee_Divya/Sundari_Nee_Divya,/home/izpiz/coding/automatic-raga-recognition/dataset/RagaDataset/Carnatic/features/bf4662d4-25c3-4cad-9249-4de2dc513c06
Carnatic,Tōḍi,a9413dff-91d1-4e29-ad92-c04019dce5b8,71511da3-06e5-48f3-bf3b-7e2793b5b56a,RagaDataset/Carnatic/audio/a9413dff-91d1-4e29-ad92-c04019dce5b8/Nithyasree_Mahadevan/December_Season_2008/Sri_Krishnam_Bhaja/Sri_Krishnam_Bhaja,/home/izpiz/coding/automatic-raga-recognition/dataset/RagaDataset/Carnatic/features/a9413dff-91d1-4e29-ad92-c04019dce5b8
Carnatic,Aṭāna,6345e8fe-7061-4bdc-842c-dcfd4a379820,82a3d00c-f1df-4b54-8601-bac26667b1b0,RagaDataset/Carnatic/audio/6345e8fe-7061-4bdc-842c-dcfd4a379820/Musiri_Subramania_Iyer/Paddhatti/Sri_Kumara/Sri_Kumara,/home/izpiz/coding/automatic-raga-recognition/dataset/RagaDataset/Carnatic/features/6345e8fe-7061-4bdc-842c-dcfd4a379820
Carnatic,Bhairavi,123b09bd-9901-4e64-a65a-10b02c9e0597,cf7acd46-da61-47c7-99aa-1de0c4ebc94c,RagaDataset/Carnatic/audio/123b09bd-9901-4e64-a65a-10b02c9e0597/Gayathri_Venkataraghavan/December_Season_2008/Ni_Pada_Mule/Ni_Pada_Mule,/home/izpiz/coding/automatic-raga-recognition/dataset/RagaDataset/Carnatic/features/123b09bd-9901-4e64-a65a-10b02c9e0597
Carnatic,Śankarābharaṇaṁ,a2f9f182-0ceb-4531-b286-b840b47a54b8,cc4c7571-344b-4cc9-917e-16c8392954b5,RagaDataset/Carnatic/audio/a2f9f182-0ceb-4531-b286-b840b47a54b8/Sumithra_Vasudev/December_Season_2011/Sankaracharyam/Sankaracharyam,/home/izpiz/coding/automatic-raga-recognition/dataset/RagaDataset/Carnatic/features/a2f9f182-0ceb-4531-b286-b840b47a54b8
Carnatic,Kāṁbhōji,f0866e71-33b2-47db-ab75-0808c41f2401,855fa024-a4c5-4cca-bb26-0b2c806db722,RagaDataset/Carnatic/audio/f0866e71-33b2-47db-ab75-0808c41f2401/Abhishek_Raghuram/Pravrddha_Sri_Lalgudi_Pancharatna_Kritis/Mahita_Pravrddha/Mahita_Pravrddha,/home/izpiz/coding/automatic-raga-recognition/dataset/RagaDataset/Carnatic/features/f0866e71-33b2-47db-ab75-0808c41f2401
Carnatic,Kalyāṇi,bf4662d4-25c3-4cad-9249-4de2dc513c06,f763a45e-de3e-4c9a-a2e7-c625e6c4c512,RagaDataset/Carnatic/audio/bf4662d4-25c3-4cad-9249-4de2dc513c06/Abhishek_Raghuram/December_Season_2008/Nidhi_Chala_Sukhama/Nidhi_Chala_Sukhama,/home/izpiz/coding/automatic-raga-recognition/dataset/RagaDataset/Carnatic/features/bf4662d4-25c3-4cad-9249-4de2dc513c06
Carnatic,Rītigauḷa,4ce0b18d-f4df-41cf-9b40-9166199506b4,21f72d0f-5167-4c89-b312-84574b65613b,RagaDataset/Carnatic/audio/4ce0b18d-f4df-41cf-9b40-9166199506b4/Sanjay_Subrahmanyan/Sanjay_at_Sastri_Hall/Janani/Janani,/home/izpiz/coding/automatic-raga-recognition/dataset/RagaDataset/Carnatic/features/4ce0b18d-f4df-41cf-9b40-9166199506b4
Carnatic,Tōḍi,a9413dff-91d1-4e29-ad92-c04019dce5b8,4e2ee259-5448-4843-b29c-fc74906376f6,RagaDataset/Carnatic/audio/a9413dff-91d1-4e29-ad92-c04019dce5b8/Rithvik_Raja/Rithvik_Raja_at_Arkay/Emani_Migula/Emani_Migula,/home/izpiz/coding/automatic-raga-recognition/dataset/RagaDataset/Carnatic/features/a9413dff-91d1-4e29-ad92-c04019dce5b8
Carnatic,Aṭāna,6345e8fe-7061-4bdc-842c-dcfd4a379820,97bf406d-9c22-4307-beae-7bda5ee2e05e,RagaDataset/Carnatic/audio/6345e8fe-7061-4bdc-842c-dcfd4a379820/Aruna_Sairam/Madrasil_Margazhi_2005/Ela_Ni_Dayaradu/Ela_Ni_Dayaradu,/home/izpiz/coding/automatic-raga-recognition/dataset/RagaDataset/Carnatic/features/6345e8fe-7061-4bdc-842c-dcfd4a379820
Carnatic,Kāṁbhōji,f0866e71-33b2-47db-ab75-0808c41f2401,fea29da7-6bea-4a86-862c-7d91c366ea12,RagaDataset/Carnatic/audio/f0866e71-33b2-47db-ab75-0808c41f2401/Sanjay_Subrahmanyan/December_Season_2006/Neeye_Sharan_Shanmukha/Neeye_Sharan_Shanmukha,/home/izpiz/coding/automatic-raga-recognition/dataset/RagaDataset/Carnatic/features/f0866e71-33b2-47db-ab75-0808c41f2401
Carnatic,Tōḍi,a9413dff-91d1-4e29-ad92-c04019dce5b8,89473b33-d96f-40bb-adce-3b25e4a45971,RagaDataset/Carnatic/audio/a9413dff-91d1-4e29-ad92-c04019dce5b8/Sanjay_Subrahmanyan/December_Season_2001/Tanigai_Valar/Tanigai_Valar,/home/izpiz/coding/automatic-raga-recognition/dataset/RagaDataset/Carnatic/features/a9413dff-91d1-4e29-ad92-c04019dce5b8
Carnatic,Kāpi,09c179f3-8b19-4792-a852-e9fa0090e409,a91ca01b-3338-4968-815a-6ae61644ccb5,RagaDataset/Carnatic/audio/09c179f3-8b19-4792-a852-e9fa0090e409/Sanjay_Subrahmanyan/Sanjay_at_Sastri_Hall/Kalilo_Hari_Smrana/Kalilo_Hari_Smrana,/home/izpiz/coding/automatic-raga-recognition/dataset/RagaDataset/Carnatic/features/09c179f3-8b19-4792-a852-e9fa0090e409
Carnatic,Kēdāragauḷa,df85a0a5-b1a8-42f1-a87b-3d7c7ee33fb4,cc4199f2-ecf3-4d93-b628-65f2caacc6f8,RagaDataset/Carnatic/audio/df85a0a5-b1a8-42f1-a87b-3d7c7ee33fb4/Cherthala_Ranganatha_Sharma/Cherthala_Ranganatha_Sharma_at_Arkay/Tulasi_Bilva/Tulasi_Bilva,/home/izpiz/coding/automatic-raga-recognition/dataset/RagaDataset/Carnatic/features/df85a0a5-b1a8-42f1-a87b-3d7c7ee33fb4
Hindustani,Bhairav,1e7de02f-e77f-405a-a033-f31117aaf955,2b1da797-d9f6-47bc-93c0-d19f5de0fa5d,RagaDataset/Hindustani/audio/1e7de02f-e77f-405a-a033-f31117aaf955/Rashid_Khan/The_Song_Of_Shiva/Raga_Bhairav_2b1da797-d9f6-47bc-93c0-d19f5de0fa5d,/home/izpiz/coding/automatic-raga-recognition/dataset/RagaDataset/Hindustani/features/1e7de02f-e77f-405a-a033-f31117aaf955
Hindustani,Bihāg,a7d98897-e2fe-4d75-b9dc-e5b4dc88e1c6,f0ce173e-e69b-4baf-8c23-cdd63fd15ab1,RagaDataset/Hindustani/audio/a7d98897-e2fe-4d75-b9dc-e5b4dc88e1c6/Deborshee_Bhattacharya/Raag_Bihag/Raag_Bihag_f0ce173e-e69b-4baf-8c23-cdd63fd15ab1,/home/izpiz/coding/automatic-raga-recognition/dataset/RagaDataset/Hindustani/features/a7d98897-e2fe-4d75-b9dc-e5b4dc88e1c6
Hindustani,Śrī,46997b02-f09c-4969-8138-4e1861f61967,077d538e-545a-4098-8997-76742fb26d39,RagaDataset/Hindustani/audio/46997b02-f09c-4969-8138-4e1861f61967/C_R_Vyas/The_Eternal_Rhapsody/Raga_Shree_-_Alap_077d538e-545a-4098-8997-76742fb26d39,/home/izpiz/coding/automatic-raga-recognition/dataset/RagaDataset/Hindustani/features/46997b02-f09c-4969-8138-4e1861f61967
Hindustani,Yaman kalyāṇ,48b37bed-e847-4882-8a01-5c721e07f07d,c76cadd9-9e7b-4e9e-96dc-f79a9a8eed78,"RagaDataset/Hindustani/audio/48b37bed-e847-4882-8a01-5c721e07f07d/Omkar_Dadarkar/Raag_Bahar,_Gaud_Malhar_&_Yaman/Raag_Yaman_c76cadd9-9e7b-4e9e-96dc-f79a9a8eed78",/home/izpiz/coding/automatic-raga-recognition/dataset/RagaDataset/Hindustani/features/48b37bed-e847-4882-8a01-5c721e07f07d
Hindustani,Śrī,46997b02-f09c-4969-8138-4e1861f61967,113d82be-a83c-4c43-9393-6377fcd982bf,RagaDataset/Hindustani/audio/46997b02-f09c-4969-8138-4e1861f61967/Mallikarjun_Mansur/Rare_Ragas_-_Raag_Sree/Raag_Shree_113d82be-a83c-4c43-9393-6377fcd982bf,/home/izpiz/coding/automatic-raga-recognition/dataset/RagaDataset/Hindustani/features/46997b02-f09c-4969-8138-4e1861f61967
Hindustani,Bihāg,a7d98897-e2fe-4d75-b9dc-e5b4dc88e1c6,c8c0b93e-0e7d-4e08-a1cc-95b0eecee5db,RagaDataset/Hindustani/audio/a7d98897-e2fe-4d75-b9dc-e5b4dc88e1c6/Abdul_Rashid_Khan/Rasan_Piya_-_Volume_1/Nayan_Bich_Dore_Lal_c8c0b93e-0e7d-4e08-a1cc-95b0eecee5db,/home/izpiz/coding/automatic-raga-recognition/dataset/RagaDataset/Hindustani/features/a7d98897-e2fe-4d75-b9dc-e5b4dc88e1c6
Hindustani,Jōg,063ea5a0-23b1-4bb5-8537-3d924fe8ebb3,86d7779a-1610-4514-83a6-883997250abe,RagaDataset/Hindustani/audio/063ea5a0-23b1-4bb5-8537-3d924fe8ebb3/Jasraj/Devataa/Alaap_And_Stuti_-_Raag_Jog_86d7779a-1610-4514-83a6-883997250abe,/home/izpiz/coding/automatic-raga-recognition/dataset/RagaDataset/Hindustani/features/063ea5a0-23b1-4bb5-8537-3d924fe8ebb3
Hindustani,Bihāg,a7d98897-e2fe-4d75-b9dc-e5b4dc88e1c6,3148a17b-6be7-4f5e-bc35-84196b3c64b6,RagaDataset/Hindustani/audio/a7d98897-e2fe-4d75-b9dc-e5b4dc88e1c6/Omkarnath_Thakur/An_Undying_Parampara_Vol__2/Ab_Ho_Lalan_Mai_3148a17b-6be7-4f5e-bc35-84196b3c64b6,/home/izpiz/coding/automatic-raga-recognition/dataset/RagaDataset/Hindustani/features/a7d98897-e2fe-4d75-b9dc-e5b4dc88e1c6
Hindustani,Darbāri,118401e7-8de8-4d81-9d8e-8070889e3fa8,91bbdaa0-551d-454b-97f3-67c89c72f8d5,RagaDataset/Hindustani/audio/118401e7-8de8-4d81-9d8e-8070889e3fa8/Ulhas_Kashalkar/Mellow_Moods/Raga_-_Darbari_Kanada_91bbdaa0-551d-454b-97f3-67c89c72f8d5,/home/izpiz/coding/automatic-raga-recognition/dataset/RagaDataset/Hindustani/features/118401e7-8de8-4d81-9d8e-8070889e3fa8
Hindustani,Bhairav,1e7de02f-e77f-405a-a033-f31117aaf955,0a11bf6f-b55d-459c-9447-7a5a555a286f,RagaDataset/Hindustani/audio/1e7de02f-e77f-405a-a033-f31117aaf955/Kumar_Gandharva/Raag_Bhairav_&_Dhani/Raag_Bhairav_0a11bf6f-b55d-459c-9447-7a5a555a286f,/home/izpiz/coding/automatic-raga-recognition/dataset/RagaDataset/Hindustani/features/1e7de02f-e77f-405a-a033-f31117aaf955
Hindustani,Śrī,46997b02-f09c-4969-8138-4e1861f61967,f3313201-ab83-4633-b463-60b862ab1a21,RagaDataset/Hindustani/audio/46997b02-f09c-4969-8138-4e1861f61967/Omkar_Dadarkar/Raag_Marwa_&_Shree/Raag_Shree_f3313201-ab83-4633-b463-60b862ab1a21,/home/izpiz/coding/automatic-raga-recognition/dataset/RagaDataset/Hindustani/features/46997b02-f09c-4969-8138-4e1861f61967
Hindustani,Śrī,46997b02-f09c-4969-8138-4e1861f61967,1b3714f7-9cab-4674-8d19-c9aad8801d29,RagaDataset/Hindustani/audio/46997b02-f09c-4969-8138-4e1861f61967/C_R_Vyas/The_Eternal_Rhapsody/Raga_Shree_-_Kahe_Dar_Paun_Main_1b3714f7-9cab-4674-8d19-c9aad8801d29,/home/izpiz/coding/automatic-raga-recognition/dataset/RagaDataset/Hindustani/features/46997b02-f09c-4969-8138-4e1861f61967
Hindustani,Yaman kalyāṇ,48b37bed-e847-4882-8a01-5c721e07f07d,aa93fca9-362d-4ea4-952f-65006746b888,RagaDataset/Hindustani/audio/48b37bed-e847-4882-8a01-5c721e07f07d/Bhimsen_Joshi/A_Rare_Treat/Yaman_Kalyan_aa93fca9-362d-4ea4-952f-65006746b888,/home/izpiz/coding/automatic-raga-recognition/dataset/RagaDataset/Hindustani/features/48b37bed-e847-4882-8a01-5c721e07f07d
Hindustani,Jōg,063ea5a0-23b1-4bb5-8537-3d924fe8ebb3,99dcaebe-ab49-4fa3-ab6c-a9458143af8e,RagaDataset/Hindustani/audio/063ea5a0-23b1-4bb5-8537-3d924fe8ebb3/Kaustuv_Kanti_Ganguli/Raag_Jog_&_Kirwani_Bhajan/Raag_Jog_99dcaebe-ab49-4fa3-ab6c-a9458143af8e,/home/izpiz/coding/automatic-raga-recognition/dataset/RagaDataset/Hindustani/features/063ea5a0-23b1-4bb5-8537-3d924fe8ebb3
Hindustani,Darbāri,118401e7-8de8-4d81-9d8e-8070889e3fa8,01df0bee-b090-4b1d-bbdc-84e1c436635b,RagaDataset/Hindustani/audio/118401e7-8de8-4d81-9d8e-8070889e3fa8/Rashid_Khan/The_Genius_Of_Ustad_Rashid_Khan/Raga_Darbari_Kanada_-_Vilambit_Khayal_In_Ek_Iaal_-_Drut_Khayal_In_Teen_Taal_01df0bee-b090-4b1d-bbdc-84e1c436635b,/home/izpiz/coding/automatic-raga-recognition/dataset/RagaDataset/Hindustani/features/118401e7-8de8-4d81-9d8e-8070889e3fa8
Hindustani,Mālkauns,64e5fb9e-5569-4e80-8e6c-f543af9469c7,3fc7b071-68c7-4a5a-bed5-7da6301931f4,RagaDataset/Hindustani/audio/64e5fb9e-5569-4e80-8e6c-f543af9469c7/Bade_Ghulam_Ali_Khan/Hindustani_Vocal/Raga_Malkauns_3fc7b071-68c7-4a5a-bed5-7da6301931f4,/home/izpiz/coding/automatic-raga-recognition/dataset/RagaDataset/Hindustani/features/64e5fb9e-5569-4e80-8e6c-f543af9469c7
Hindustani,Jōg,063ea5a0-23b1-4bb5-8537-3d924fe8ebb3,d0781259-2c63-4b35-8ca3-75c19a98e275,RagaDataset/Hindustani/audio/063ea5a0-23b1-4bb5-8537-3d924fe8ebb3/Brajeshwar_Mukherjee/Raag_Jog_&_Hameer/Raag_Jog_d0781259-2c63-4b35-8ca3-75c19a98e275,/home/izpiz/coding/automatic-raga-recognition/dataset/RagaDataset/Hindustani/features/063ea5a0-23b1-4bb5-8537-3d924fe8ebb3
Hindustani,Miyān malhār,1b05a564-059f-445b-b325-cf26318367e3,916fd45f-ddda-49e2-be63-207fc56a411e,RagaDataset/Hindustani/audio/1b05a564-059f-445b-b325-cf26318367e3/Rashid_Khan/One_&_Only_Rashid/Bijuri_Chamake_Barase_916fd45f-ddda-49e2-be63-207fc56a411e,/home/izpiz/coding/automatic-raga-recognition/dataset/RagaDataset/Hindustani/features/1b05a564-059f-445b-b325-cf26318367e3
Hindustani,Miyān malhār,1b05a564-059f-445b-b325-cf26318367e3,6c573272-1f4a-4504-b7e1-996f877e1e15,RagaDataset/Hindustani/audio/1b05a564-059f-445b-b325-cf26318367e3/Kumar_Gandharv/The_Genius_Of_Pt__Kumar_Gandharv/Raga_Miyan_Malhar_6c573272-1f4a-4504-b7e1-996f877e1e15,/home/izpiz/coding/automatic-raga-recognition/dataset/RagaDataset/Hindustani/features/1b05a564-059f-445b-b325-cf26318367e3
Hindustani,Bilāsakhānī tōḍī,dd59147d-8775-44ff-a36b-0d9f15b31319,e23eb921-de6e-452b-bc2f-7fbd0772c4fd,RagaDataset/Hindustani/audio/dd59147d-8775-44ff-a36b-0d9f15b31319/Jasraj/Legends:_Sangeet_Martand_Pandit_Jasraj_(Vol__1)/Raga_-_Bilaskhani_Todi_e23eb921-de6e-452b-bc2f-7fbd0772c4fd,/home/izpiz/coding/automatic-raga-recognition/dataset/RagaDataset/Hindustani/features/dd59147d-8775-44ff-a36b-0d9f15b31319
Hindustani,Mālkauns,64e5fb9e-5569-4e80-8e6c-f543af9469c7,64587462-6f9f-4439-8b48-6375a4fb1f6a,RagaDataset/Hindustani/audio/64e5fb9e-5569-4e80-8e6c-f543af9469c7/Gopal_Mishra/Kula_Sampada/Raga_Malkauns_64587462-6f9f-4439-8b48-6375a4fb1f6a,/home/izpiz/coding/automatic-raga-recognition/dataset/RagaDataset/Hindustani/features/64e5fb9e-5569-4e80-8e6c-f543af9469c7
Hindustani,Śrī,46997b02-f09c-4969-8138-4e1861f61967,f5999e30-d00d-4837-b9c6-5328768ae22d,RagaDataset/Hindustani/audio/46997b02-f09c-4969-8138-4e1861f61967/Kumar_Mardur/Classical_Essence/Raga_Shree_f5999e30-d00d-4837-b9c6-5328768ae22d,/home/izpiz/coding/automatic-raga-recognition/dataset/RagaDataset/Hindustani/features/46997b02-f09c-4969-8138-4e1861f61967
Hindustani,Jōg,063ea5a0-23b1-4bb5-8537-3d924fe8ebb3,59ebf93e-fb88-4ac1-b400-000ffbc7ae3d,RagaDataset/Hindustani/audio/063ea5a0-23b1-4bb5-8537-3d924fe8ebb3/Girija_Devi/Diva/Raag_Jog_-_Khayal_59ebf93e-fb88-4ac1-b400-000ffbc7ae3d,/home/izpiz/coding/automatic-raga-recognition/dataset/RagaDataset/Hindustani/features/063ea5a0-23b1-4bb5-8537-3d924fe8ebb3
Hindustani,Bilāsakhānī tōḍī,dd59147d-8775-44ff-a36b-0d9f15b31319,182dd9f9-d3b7-4ebc-9d18-9e0544c6e8cc,RagaDataset/Hindustani/audio/dd59147d-8775-44ff-a36b-0d9f15b31319/Basavraj_Rajaguru/The_Genius_Of_Basavraj_Rajguru/Raga_Bilashkani_Todi_182dd9f9-d3b7-4ebc-9d18-9e0544c6e8cc,/home/izpiz/coding/automatic-raga-recognition/dataset/RagaDataset/Hindustani/features/dd59147d-8775-44ff-a36b-0d9f15b31319
Hindustani,Bilāsakhānī tōḍī,dd59147d-8775-44ff-a36b-0d9f15b31319,7d3f5b32-34f2-402c-b3b3-a87f1dedd3a8,RagaDataset/Hindustani/audio/dd59147d-8775-44ff-a36b-0d9f15b31319/Amir_Khan/The_Great_Heritage:_Ustad_Amir_Khan/Raga_Bilaskhani_Todi_Bairagi_Roop_7d3f5b32-34f2-402c-b3b3-a87f1dedd3a8,/home/izpiz/coding/automatic-raga-recognition/dataset/RagaDataset/Hindustani/features/dd59147d-8775-44ff-a36b-0d9f15b31319
Hindustani,Yaman kalyāṇ,48b37bed-e847-4882-8a01-5c721e07f07d,a2c54654-2699-489a-95ab-623fc903281a,RagaDataset/Hindustani/audio/48b37bed-e847-4882-8a01-5c721e07f07d/Veena_Sahasrabuddhe/Celestial/Deo_daan_mohe_a2c54654-2699-489a-95ab-623fc903281a,/home/izpiz/coding/automatic-raga-recognition/dataset/RagaDataset/Hindustani/features/48b37bed-e847-4882-8a01-5c721e07f07d
Hindustani,Darbāri,118401e7-8de8-4d81-9d8e-8070889e3fa8,b0434093-2d8b-4c8d-aaa8-7fb44bd1ce0e,RagaDataset/Hindustani/audio/118401e7-8de8-4d81-9d8e-8070889e3fa8/Jayateerth_Mevundi/Jayateerth_Mevundi_Classical_Vocal/Raga_Darbari_Kanada_b0434093-2d8b-4c8d-aaa8-7fb44bd1ce0e,/home/izpiz/coding/automatic-raga-recognition/dataset/RagaDataset/Hindustani/features/118401e7-8de8-4d81-9d8e-8070889e3fa8
Hindustani,Miyān malhār,1b05a564-059f-445b-b325-cf26318367e3,9010c587-1419-425c-966c-cfbb6b80891f,RagaDataset/Hindustani/audio/1b05a564-059f-445b-b325-cf26318367e3/C_R_Vyas/Legends_Forever/Raga_Mian_Malhar_-_Vilambit_9010c587-1419-425c-966c-cfbb6b80891f,/home/izpiz/coding/automatic-raga-recognition/dataset/RagaDataset/Hindustani/features/1b05a564-059f-445b-b325-cf26318367e3
Hindustani,Khamāj,93c73081-bdf8-4eca-b325-d736b71e9b4b,b267996c-c857-4774-9cf6-5f7cec7413d7,RagaDataset/Hindustani/audio/93c73081-bdf8-4eca-b325-d736b71e9b4b/Ajoy_Chakrabarty/Ajoy_Chakrabarty-Vocal/Drut_Bandish_In_Tintal_b267996c-c857-4774-9cf6-5f7cec7413d7,/home/izpiz/coding/automatic-raga-recognition/dataset/RagaDataset/Hindustani/features/93c73081-bdf8-4eca-b325-d736b71e9b4b
Hindustani,Jōg,063ea5a0-23b1-4bb5-8537-3d924fe8ebb3,3f66f0dc-73b7-48c4-8ad7-1f1a7dacd8bb,RagaDataset/Hindustani/audio/063ea5a0-23b1-4bb5-8537-3d924fe8ebb3/Jasraj/Devataa/Bandish_In_Vlambit_Ektaal_-_Raag_Jog_3f66f0dc-73b7-48c4-8ad7-1f1a7dacd8bb,/home/izpiz/coding/automatic-raga-recognition/dataset/RagaDataset/Hindustani/features/063ea5a0-23b1-4bb5-8537-3d924fe8ebb3
Hindustani,Darbāri,118401e7-8de8-4d81-9d8e-8070889e3fa8,8d01b397-5d3f-4fdd-8c9a-a8a3a4e18709,RagaDataset/Hindustani/audio/118401e7-8de8-4d81-9d8e-8070889e3fa8/Rashid_Khan/One_&_Only_Rashid/Bandish_in_Raag_Darbari_8d01b397-5d3f-4fdd-8c9a-a8a3a4e18709,/home/izpiz/coding/automatic-raga-recognition/dataset/RagaDataset/Hindustani/features/118401e7-8de8-4d81-9d8e-8070889e3fa8
Hindustani,Bihāg,a7d98897-e2fe-4d75-b9dc-e5b4dc88e1c6,ee202972-59a1-4576-9883-6e82124b356a,RagaDataset/Hindustani/audio/a7d98897-e2fe-4d75-b9dc-e5b4dc88e1c6/Abdul_Rashid_Khan/Rasan_Piya_-_Volume_1/Dhan_Dhan_Re_Tere_Ladla_ee202972-59a1-4576-9883-6e82124b356a,/home/izpiz/coding/automatic-raga-recognition/dataset/RagaDataset/Hindustani/features/a7d98897-e2fe-4d75-b9dc-e5b4dc88e1c6
Hindustani,Mālkauns,64e5fb9e-5569-4e80-8e6c-f543af9469c7,980b4a00-6e7c-41c1-81ee-6b021d237343,RagaDataset/Hindustani/audio/64e5fb9e-5569-4e80-8e6c-f543af9469c7/Prabha_Atre/Maalkauns/Jaako_Mana_Raam_980b4a00-6e7c-41c1-81ee-6b021d237343,/home/izpiz/coding/automatic-raga-recognition/dataset/RagaDataset/Hindustani/features/64e5fb9e-5569-4e80-8e6c-f543af9469c7
Hindustani,Darbāri,118401e7-8de8-4d81-9d8e-8070889e3fa8,6e4dea78-ec22-479a-9e3c-c253a6deba7c,RagaDataset/Hindustani/audio/118401e7-8de8-4d81-9d8e-8070889e3fa8/Jasraj/Legends:_Sangeet_Martand_Pandit_Jasraj_(Vol__5)/Raga_-_Darbari_6e4dea78-ec22-479a-9e3c-c253a6deba7c,/home/izpiz/coding/automatic-raga-recognition/dataset/RagaDataset/Hindustani/features/118401e7-8de8-4d81-9d8e-8070889e3fa8
Hindustani,Jōg,063ea5a0-23b1-4bb5-8537-3d924fe8ebb3,a7f6551d-9696-4713-becb-b22acf71a7db,RagaDataset/Hindustani/audio/063ea5a0-23b1-4bb5-8537-3d924fe8ebb3/Shrinivas_Joshi/Swarakruti/Raga_Jog_a7f6551d-9696-4713-becb-b22acf71a7db,/home/izpiz/coding/automatic-raga-recognition/dataset/RagaDataset/Hindustani/features/063ea5a0-23b1-4bb5-8537-3d924fe8ebb3
Hindustani,Miyān malhār,1b05a564-059f-445b-b325-cf26318367e3,37686ac1-797f-44f5-a3c9-5e8690beb8ec,RagaDataset/Hindustani/audio/1b05a564-059f-445b-b325-cf26318367e3/Bhimsen_Joshi/Raagadhiraj/Kareem_Naam_and_At_Ghumar_Aayi_Badariya_37686ac1-797f-44f5-a3c9-5e8690beb8ec,/home/izpiz/coding/automatic-raga-recognition/dataset/RagaDataset/Hindustani/features/1b05a564-059f-445b-b325-cf26318367e3
Hindustani,Bihāg,a7d98897-e2fe-4d75-b9dc-e5b4dc88e1c6,fecfe4a8-a68e-4ced-93d9-5d47fd4505cd,RagaDataset/Hindustani/audio/a7d98897-e2fe-4d75-b9dc-e5b4dc88e1c6/Omkarnath_Thakur/An_Undying_Parampara_Vol__2/Kaise_Siukh_Soye_fecfe4a8-a68e-4ced-93d9-5d47fd4505cd,/home/izpiz/coding/automatic-raga-recognition/dataset/RagaDataset/Hindustani/features/a7d98897-e2fe-4d75-b9dc-e5b4dc88e1c6
Hindustani,Darbāri,118401e7-8de8-4d81-9d8e-8070889e3fa8,7ee9570e-7f04-4f1c-819a-ec044318e15c,RagaDataset/Hindustani/audio/118401e7-8de8-4d81-9d8e-8070889e3fa8/Jayateerth_Mevundi/Raag_Darbari:_Rendition_of_Late_Evening_Raga/Raag_Darbari_7ee9570e-7f04-4f1c-819a-ec044318e15c,/home/izpiz/coding/automatic-raga-recognition/dataset/RagaDataset/Hindustani/features/118401e7-8de8-4d81-9d8e-8070889e3fa8
Hindustani,Yaman kalyāṇ,48b37bed-e847-4882-8a01-5c721e07f07d,37c79233-b5d7-4517-a393-37784702c4ce,RagaDataset/Hindustani/audio/48b37bed-e847-4882-8a01-5c721e07f07d/Jagdish_Prasad/Jewel_of_Jewels/Raga_Yaman_37c79233-b5d7-4517-a393-37784702c4ce,/home/izpiz/coding/automatic-raga-recognition/dataset/RagaDataset/Hindustani/features/48b37bed-e847-4882-8a01-5c721e07f07d
Hindustani,Jōg,063ea5a0-23b1-4bb5-8537-3d924fe8ebb3,566d6c64-ae66-45e7-9f91-e33cd6c0f18f,RagaDataset/Hindustani/audio/063ea5a0-23b1-4bb5-8537-3d924fe8ebb3/Ajoy_Chakrabarty/Raag_Kedar_&_Jog/Raag_Jog_566d6c64-ae66-45e7-9f91-e33cd6c0f18f,/home/izpiz/coding/automatic-raga-recognition/dataset/RagaDataset/Hindustani/features/063ea5a0-23b1-4bb5-8537-3d924fe8ebb3
Hindustani,Mālkauns,64e5fb9e-5569-4e80-8e6c-f543af9469c7,99f1a318-f246-40cb-86b9-3639344be94d,RagaDataset/Hindustani/audio/64e5fb9e-5569-4e80-8e6c-f543af9469c7/Rattan_Mohan_Sharma/Raga_Reflections/Eri_Sakhi_Mai_Kase_Kahu_Manki_Batiya_and_Maai_Garaj_Badarva_Doleri_99f1a318-f246-40cb-86b9-3639344be94d,/home/izpiz/coding/automatic-raga-recognition/dataset/RagaDataset/Hindustani/features/64e5fb9e-5569-4e80-8e6c-f543af9469c7
Hindustani,Bhairav,1e7de02f-e77f-405a-a033-f31117aaf955,ef6c848a-8f36-49fa-98f1-2b3d40391ddd,RagaDataset/Hindustani/audio/1e7de02f-e77f-405a-a033-f31117aaf955/Salamat_Ali_Khan/Timeless_Music_From_Pakistan_Vol__2/Raga_Bhairav_ef6c848a-8f36-49fa-98f1-2b3d40391ddd,/home/izpiz/coding/automatic-raga-recognition/dataset/RagaDataset/Hindustani/features/1e7de02f-e77f-405a-a033-f31117aaf955
Hindustani,Jōg,063ea5a0-23b1-4bb5-8537-3d924fe8ebb3,baea9093-d2c8-4529-8bc8-02ce7554c555,RagaDataset/Hindustani/audio/063ea5a0-23b1-4bb5-8537-3d924fe8ebb3/Madhup_Mudgal/Eternal_Music/Raga_Jog_baea9093-d2c8-4529-8bc8-02ce7554c555,/home/izpiz/coding/automatic-raga-recognition/dataset/RagaDataset/Hindustani/features/063ea5a0-23b1-4bb5-8537-3d924fe8ebb3
Hindustani,Miyān malhār,1b05a564-059f-445b-b325-cf26318367e3,dcd3f7ef-a962-4664-8cbb-3902ad43d935,RagaDataset/Hindustani/audio/1b05a564-059f-445b-b325-cf26318367e3/Jasraj/Classical_Wonders_of_India/Raga_Miyan_Ki_Malhar_dcd3f7ef-a962-4664-8cbb-3902ad43d935,/home/izpiz/coding/automatic-raga-recognition/dataset/RagaDataset/Hindustani/features/1b05a564-059f-445b-b325-cf26318367e3
Hindustani,Khamāj,93c73081-bdf8-4eca-b325-d736b71e9b4b,c556b631-111f-42e8-aa98-e02f0777be9e,"RagaDataset/Hindustani/audio/93c73081-bdf8-4eca-b325-d736b71e9b4b/Ajoy_Chakrabarty/Raag_Abhogi,_Rageshree_&_Khamaj/Raag_Khamaj_c556b631-111f-42e8-aa98-e02f0777be9e",/home/izpiz/coding/automatic-raga-recognition/dataset/RagaDataset/Hindustani/features/93c73081-bdf8-4eca-b325-d736b71e9b4b
Hindustani,Bhairav,1e7de02f-e77f-405a-a033-f31117aaf955,5a73fd2e-2308-49c3-81de-e3baa95d2c1b,RagaDataset/Hindustani/audio/1e7de02f-e77f-405a-a033-f31117aaf955/Prabha_Atre/Gaan_Prabha/Man_Re_Tu_Kar_Dhyan_5a73fd2e-2308-49c3-81de-e3baa95d2c1b,/home/izpiz/coding/automatic-raga-recognition/dataset/RagaDataset/Hindustani/features/1e7de02f-e77f-405a-a033-f31117aaf955
Hindustani,Bhairav,1e7de02f-e77f-405a-a033-f31117aaf955,3956d76d-876b-4e34-a6dd-c8ecfc057ff8,RagaDataset/Hindustani/audio/1e7de02f-e77f-405a-a033-f31117aaf955/Abdul_Rashid_Khan/Rasan_Piya_-_Volume_4/Malana_Gungh_Lao_Is_Banre_Kay_Se_Sehara_3956d76d-876b-4e34-a6dd-c8ecfc057ff8,/home/izpiz/coding/automatic-raga-recognition/dataset/RagaDataset/Hindustani/features/1e7de02f-e77f-405a-a033-f31117aaf955
Hindustani,Miyān malhār,1b05a564-059f-445b-b325-cf26318367e3,3ce024ce-395c-45a7-9236-ac282eb21aa3,RagaDataset/Hindustani/audio/1b05a564-059f-445b-b325-cf26318367e3/Prabha_Atre/Chaitanya/Raga_Miyan_Malhar_Khayal_3ce024ce-395c-45a7-9236-ac282eb21aa3,/home/izpiz/coding/automatic-raga-recognition/dataset/RagaDataset/Hindustani/features/1b05a564-059f-445b-b325-cf26318367e3
Hindustani,Yaman kalyāṇ,48b37bed-e847-4882-8a01-5c721e07f07d,e59642ca-72bc-466b-bf4b-d82bfbc7b4af,RagaDataset/Hindustani/audio/48b37bed-e847-4882-8a01-5c721e07f07d/Ajoy_Chakrabarty/The_Genius_Of_Pt__Ajoy_Chakraborty/Raga_Yaman_e59642ca-72bc-466b-bf4b-d82bfbc7b4af,/home/izpiz/coding/automatic-raga-recognition/dataset/RagaDataset/Hindustani/features/48b37bed-e847-4882-8a01-5c721e07f07d
Hindustani,Bhairav,1e7de02f-e77f-405a-a033-f31117aaf955,c207da5f-60fa-4622-b735-a9bd3425e8fd,RagaDataset/Hindustani/audio/1e7de02f-e77f-405a-a033-f31117aaf955/Rashid_Khan/The_Song_Of_Shiva/Raga_Bhairav_c207da5f-60fa-4622-b735-a9bd3425e8fd,/home/izpiz/coding/automatic-raga-recognition/dataset/RagaDataset/Hindustani/features/1e7de02f-e77f-405a-a033-f31117aaf955
Hindustani,Bihāg,a7d98897-e2fe-4d75-b9dc-e5b4dc88e1c6,858a82b8-562e-4a7c-a7a2-6cbc65967e99,RagaDataset/Hindustani/audio/a7d98897-e2fe-4d75-b9dc-e5b4dc88e1c6/Abdul_Rashid_Khan/Rasan_Piya_-_Volume_1/Qutab_Rabani_Mehboob_Subhani_858a82b8-562e-4a7c-a7a2-6cbc65967e99,/home/izpiz/coding/automatic-raga-recognition/dataset/RagaDataset/Hindustani/features/a7d98897-e2fe-4d75-b9dc-e5b4dc88e1c6
Hindustani,Bilāsakhānī tōḍī,dd59147d-8775-44ff-a36b-0d9f15b31319,cdd148c7-07e4-46c9-88d9-fbbfcea2edf5,RagaDataset/Hindustani/audio/dd59147d-8775-44ff-a36b-0d9f15b31319/Shruti_Sadolikar/Khayal/Raga_-_Bilaskhani_Todi_cdd148c7-07e4-46c9-88d9-fbbfcea2edf5,/home/izpiz/coding/automatic-raga-recognition/dataset/RagaDataset/Hindustani/features/dd59147d-8775-44ff-a36b-0d9f15b31319
Hindustani,Bhairav,1e7de02f-e77f-405a-a033-f31117aaf955,52c68301-d913-4208-adc6-c2cf8d2003d3,RagaDataset/Hindustani/audio/1e7de02f-e77f-405a-a033-f31117aaf955/Abdul_Rashid_Khan/Rasan_Piya_-_Volume_4/Dir_Tana_Dir-Dir_Ta-Dir_(Tarana)_52c68301-d913-4208-adc6-c2cf8d2003d3,/home/izpiz/coding/automatic-raga-recognition/dataset/RagaDataset/Hindustani/features/1e7de02f-e77f-405a-a033-f31117aaf955
Hindustani,Bilāsakhānī tōḍī,dd59147d-8775-44ff-a36b-0d9f15b31319,d7510269-b26c-4735-a491-245f3c732a58,RagaDataset/Hindustani/audio/dd59147d-8775-44ff-a36b-0d9f15b31319/Ajoy_Chakrabarty/The_Genius_Of_Pt__Ajoy_Chakraborty/Raga_Bilaskhani_Todi_d7510269-b26c-4735-a491-245f3c732a58,/home/izpiz/coding/automatic-raga-recognition/dataset/RagaDataset/Hindustani/features/dd59147d-8775-44ff-a36b-0d9f15b31319
Hindustani,Bihāg,a7d98897-e2fe-4d75-b9dc-e5b4dc88e1c6,907e6bb0-130e-4ec5-aad0-6c768e8e9dcd,RagaDataset/Hindustani/audio/a7d98897-e2fe-4d75-b9dc-e5b4dc88e1c6/Abdul_Rashid_Khan/Rasan_Piya_-_Volume_1/Daiya_Moko_Ka_Kahega_Logava_907e6bb0-130e-4ec5-aad0-6c768e8e9dcd,/home/izpiz/coding/automatic-raga-recognition/dataset/RagaDataset/Hindustani/features/a7d98897-e2fe-4d75-b9dc-e5b4dc88e1c6
Hindustani,Mālkauns,64e5fb9e-5569-4e80-8e6c-f543af9469c7,52944bc0-4639-4760-be76-f2720a20be81,"RagaDataset/Hindustani/audio/64e5fb9e-5569-4e80-8e6c-f543af9469c7/Satyasheel_Deshpande/Raag_Malkauns,_Chandrakauns_&_Majh_Khamaj_Thumri/Raag_Malkauns_52944bc0-4639-4760-be76-f2720a20be81",/home/izpiz/coding/automatic-raga-recognition/dataset/RagaDataset/Hindustani/features/64e5fb9e-5569-4e80-8e6c-f543af9469c7
Hindustani,Śrī,46997b02-f09c-4969-8138-4e1861f61967,b3a43a82-b3c3-49bf-bd3d-db561c1ec355,RagaDataset/Hindustani/audio/46997b02-f09c-4969-8138-4e1861f61967/Deborshee_Bhattacharya/Raag_Shree/Raag_Shree_b3a43a82-b3c3-49bf-bd3d-db561c1ec355,/home/izpiz/coding/automatic-raga-recognition/dataset/RagaDataset/Hindustani/features/46997b02-f09c-4969-8138-4e1861f61967
Hindustani,Mālkauns,64e5fb9e-5569-4e80-8e6c-f543af9469c7,4a507000-6c5a-4c8b-8922-1bfc29cba805,RagaDataset/Hindustani/audio/64e5fb9e-5569-4e80-8e6c-f543af9469c7/Ajoy_Chakrabarty/Ajoy_Chakrabarty-Vocal/Malkauns-Bandish_in_Vilambit_Ektal_4a507000-6c5a-4c8b-8922-1bfc29cba805,/home/izpiz/coding/automatic-raga-recognition/dataset/RagaDataset/Hindustani/features/64e5fb9e-5569-4e80-8e6c-f543af9469c7
Hindustani,Yaman kalyāṇ,48b37bed-e847-4882-8a01-5c721e07f07d,fe984e34-eae6-4dcf-bf70-159923c26fe6,RagaDataset/Hindustani/audio/48b37bed-e847-4882-8a01-5c721e07f07d/Prabha_Atre/Gaan_Prabha/Man_Tu_Gaa_Re_Hari_Naam_fe984e34-eae6-4dcf-bf70-159923c26fe6,/home/izpiz/coding/automatic-raga-recognition/dataset/RagaDataset/Hindustani/features/48b37bed-e847-4882-8a01-5c721e07f07d
Hindustani,Jōg,063ea5a0-23b1-4bb5-8537-3d924fe8ebb3,7a383e3f-b0a6-4aca-92df-e53c3d928a2d,RagaDataset/Hindustani/audio/063ea5a0-23b1-4bb5-8537-3d924fe8ebb3/Amir_Khan/From_The_Archives_Of_Sangeet_Natak_Akademi/Raga_Jog_7a383e3f-b0a6-4aca-92df-e53c3d928a2d,/home/izpiz/coding/automatic-raga-recognition/dataset/RagaDataset/Hindustani/features/063ea5a0-23b1-4bb5-8537-3d924fe8ebb3
Hindustani,Bhairav,1e7de02f-e77f-405a-a033-f31117aaf955,3abaaa52-4c95-4e8b-beda-37bc3d01f763,RagaDataset/Hindustani/audio/1e7de02f-e77f-405a-a033-f31117aaf955/Kumar_Gandharva/Raga_Bhairav_Ke_Prakaar/Rag_Bhairav_(Jhaptal)_3abaaa52-4c95-4e8b-beda-37bc3d01f763,/home/izpiz/coding/automatic-raga-recognition/dataset/RagaDataset/Hindustani/features/1e7de02f-e77f-405a-a033-f31117aaf955
Hindustani,Bihāg,a7d98897-e2fe-4d75-b9dc-e5b4dc88e1c6,5d56b3ab-99d1-48c3-a785-269d74ccc944,RagaDataset/Hindustani/audio/a7d98897-e2fe-4d75-b9dc-e5b4dc88e1c6/Omkar_Dadarkar/Raag_Bihag_&_Bhairavi_Dadra/Raag_Bihag_5d56b3ab-99d1-48c3-a785-269d74ccc944,/home/izpiz/coding/automatic-raga-recognition/dataset/RagaDataset/Hindustani/features/a7d98897-e2fe-4d75-b9dc-e5b4dc88e1c6
Hindustani,Khamāj,93c73081-bdf8-4eca-b325-d736b71e9b4b,e0c1cf84-1bb3-4e8b-84d4-0f659976d576,RagaDataset/Hindustani/audio/93c73081-bdf8-4eca-b325-d736b71e9b4b/Ajoy_Chakrabarty/Ajoy_Chakrabarty-Vocal/Madhya_Bandish_In_Jhaptal_e0c1cf84-1bb3-4e8b-84d4-0f659976d576,/home/izpiz/coding/automatic-raga-recognition/dataset/RagaDataset/Hindustani/features/93c73081-bdf8-4eca-b325-d736b71e9b4b
Hindustani,Bihāg,a7d98897-e2fe-4d75-b9dc-e5b4dc88e1c6,82d9adb4-ad60-4437-b3ed-a5dda2a77f61,RagaDataset/Hindustani/audio/a7d98897-e2fe-4d75-b9dc-e5b4dc88e1c6/Manik_Bhide/The_Sanctity_of_Parampara/Bajeri_Mori_Payal_Jhanana_and_Lat_Ulajhi_Sulajha_Ja_Balam_82d9adb4-ad60-4437-b3ed-a5dda2a77f61,/home/izpiz/coding/automatic-raga-recognition/dataset/RagaDataset/Hindustani/features/a7d98897-e2fe-4d75-b9dc-e5b4dc88e1c6
Hindustani,Jōg,063ea5a0-23b1-4bb5-8537-3d924fe8ebb3,c02f714f-e4e6-4da6-af07-cea8a03c0e5c,RagaDataset/Hindustani/audio/063ea5a0-23b1-4bb5-8537-3d924fe8ebb3/Jasraj/Devataa/Bandish_In_Drut_Teentaal_-_Raag_Jog_c02f714f-e4e6-4da6-af07-cea8a03c0e5c,/home/izpiz/coding/automatic-raga-recognition/dataset/RagaDataset/Hindustani/features/063ea5a0-23b1-4bb5-8537-3d924fe8ebb3
Hindustani,Bihāg,a7d98897-e2fe-4d75-b9dc-e5b4dc88e1c6,8f983ca1-2b51-4a9f-9265-b797b09c91c9,RagaDataset/Hindustani/audio/a7d98897-e2fe-4d75-b9dc-e5b4dc88e1c6/Abdul_Rashid_Khan/Rasan_Piya_-_Volume_1/Bane-Bane_Thane-Thane_8f983ca1-2b51-4a9f-9265-b797b09c91c9,/home/izpiz/coding/automatic-raga-recognition/dataset/RagaDataset/Hindustani/features/a7d98897-e2fe-4d75-b9dc-e5b4dc88e1c6
Hindustani,Khamāj,93c73081-bdf8-4eca-b325-d736b71e9b4b,eb7fce60-8232-44ee-ad0a-571bb15003fb,RagaDataset/Hindustani/audio/93c73081-bdf8-4eca-b325-d736b71e9b4b/Abdul_Rashid_Khan/Rasan_Piya_-_Volume_2/Laagun_Re_Junaiyan_Tere_Paiyan_eb7fce60-8232-44ee-ad0a-571bb15003fb,/home/izpiz/coding/automatic-raga-recognition/dataset/RagaDataset/Hindustani/features/93c73081-bdf8-4eca-b325-d736b71e9b4b
Hindustani,Khamāj,93c73081-bdf8-4eca-b325-d736b71e9b4b,b3f5d314-c817-41e1-b6a2-df3c260c8c63,RagaDataset/Hindustani/audio/93c73081-bdf8-4eca-b325-d736b71e9b4b/Abdul_Rashid_Khan/Rasan_Piya_-_Volume_2/Tair_Sunaye_Re_Papihara_b3f5d314-c817-41e1-b6a2-df3c260c8c63,/home/izpiz/coding/automatic-raga-recognition/dataset/RagaDataset/Hindustani/features/93c73081-bdf8-4eca-b325-d736b71e9b4b
Hindustani,Yaman kalyāṇ,48b37bed-e847-4882-8a01-5c721e07f07d,6acdbda5-8c44-4dd4-8aea-dc024c7f65b6,RagaDataset/Hindustani/audio/48b37bed-e847-4882-8a01-5c721e07f07d/Abdul_Rashid_Khan/Rasan_Piya_-_Volume_4/Are_Lalju_Ab_Tum_Kahey_Baat_Banawat_6acdbda5-8c44-4dd4-8aea-dc024c7f65b6,/home/izpiz/coding/automatic-raga-recognition/dataset/RagaDataset/Hindustani/features/48b37bed-e847-4882-8a01-5c721e07f07d
Hindustani,Miyān malhār,1b05a564-059f-445b-b325-cf26318367e3,adf0b8ea-cc74-410f-bd52-d59c08c78783,RagaDataset/Hindustani/audio/1b05a564-059f-445b-b325-cf26318367e3/Satyasheel_Deshpande/Raag_Mian_Malhar_&_Ramdasi_Malhar/Raag_Mian_Malhar_adf0b8ea-cc74-410f-bd52-d59c08c78783,/home/izpiz/coding/automatic-raga-recognition/dataset/RagaDataset/Hindustani/features/1b05a564-059f-445b-b325-cf26318367e3
Hindustani,Yaman kalyāṇ,48b37bed-e847-4882-8a01-5c721e07f07d,72b3199c-c49d-4f50-b959-e1bf6abab98e,RagaDataset/Hindustani/audio/48b37bed-e847-4882-8a01-5c721e07f07d/Hirabai_Barodekar/The_Great_Heritage:_Hirabai_Barodekar/Raga_-_Yaman_72b3199c-c49d-4f50-b959-e1bf6abab98e,/home/izpiz/coding/automatic-raga-recognition/dataset/RagaDataset/Hindustani/features/48b37bed-e847-4882-8a01-5c721e07f07d
Hindustani,Darbāri,118401e7-8de8-4d81-9d8e-8070889e3fa8,f5a6ba75-7be0-4a67-b1c3-3e49b060d384,RagaDataset/Hindustani/audio/118401e7-8de8-4d81-9d8e-8070889e3fa8/Ajay_Pohankar/Mehfil/Raag_Darbari_f5a6ba75-7be0-4a67-b1c3-3e49b060d384,/home/izpiz/coding/automatic-raga-recognition/dataset/RagaDataset/Hindustani/features/118401e7-8de8-4d81-9d8e-8070889e3fa8
Hindustani,Khamāj,93c73081-bdf8-4eca-b325-d736b71e9b4b,dcc4b6e9-15ef-4662-acbe-8666af8cbca5,RagaDataset/Hindustani/audio/93c73081-bdf8-4eca-b325-d736b71e9b4b/Abdul_Rashid_Khan/Rasan_Piya_-_Volume_2/Dekho_Dekho_Aaj_Shyam_dcc4b6e9-15ef-4662-acbe-8666af8cbca5,/home/izpiz/coding/automatic-raga-recognition/dataset/RagaDataset/Hindustani/features/93c73081-bdf8-4eca-b325-d736b71e9b4b
Hindustani,Bilāsakhānī tōḍī,dd59147d-8775-44ff-a36b-0d9f15b31319,b20456b8-7abc-4158-bb53-5ea8d80e5999,RagaDataset/Hindustani/audio/dd59147d-8775-44ff-a36b-0d9f15b31319/Kaushiki_Chakrabarty/Manomay/Raga_Bilaskhani_Todi_-_Vilambit__Drut_Khayal_b20456b8-7abc-4158-bb53-5ea8d80e5999,/home/izpiz/coding/automatic-raga-recognition/dataset/RagaDataset/Hindustani/features/dd59147d-8775-44ff-a36b-0d9f15b31319
Hindustani,Bilāsakhānī tōḍī,dd59147d-8775-44ff-a36b-0d9f15b31319,a655cf94-bb5f-4971-897a-9c20cdab828b,RagaDataset/Hindustani/audio/dd59147d-8775-44ff-a36b-0d9f15b31319/Rashid_Khan/Evergreen/Raga_Bilaskhani_Todi_a655cf94-bb5f-4971-897a-9c20cdab828b,/home/izpiz/coding/automatic-raga-recognition/dataset/RagaDataset/Hindustani/features/dd59147d-8775-44ff-a36b-0d9f15b31319
Hindustani,Darbāri,118401e7-8de8-4d81-9d8e-8070889e3fa8,f5cb8fde-2483-407c-896e-1d5a777aac2e,RagaDataset/Hindustani/audio/118401e7-8de8-4d81-9d8e-8070889e3fa8/Ghulam_Mustafa_Khan/Timeless/Darbari_Kanada_f5cb8fde-2483-407c-896e-1d5a777aac2e,/home/izpiz/coding/automatic-raga-recognition/dataset/RagaDataset/Hindustani/features/118401e7-8de8-4d81-9d8e-8070889e3fa8
Hindustani,Bilāsakhānī tōḍī,dd59147d-8775-44ff-a36b-0d9f15b31319,3124479b-5118-4cf3-823f-8fefad45e586,RagaDataset/Hindustani/audio/dd59147d-8775-44ff-a36b-0d9f15b31319/Ajoy_Chakrabarty/Geetinandan_:_Part-3/Bilaskhani_Todi_3124479b-5118-4cf3-823f-8fefad45e586,/home/izpiz/coding/automatic-raga-recognition/dataset/RagaDataset/Hindustani/features/dd59147d-8775-44ff-a36b-0d9f15b31319
Hindustani,Bhairav,1e7de02f-e77f-405a-a033-f31117aaf955,30408242-719e-4efb-a72d-fc1dc2833db7,RagaDataset/Hindustani/audio/1e7de02f-e77f-405a-a033-f31117aaf955/Abdul_Rashid_Khan/Rasan_Piya_-_Volume_4/Pratham_Man_Nirankar_Devan_Man_Mahadev_30408242-719e-4efb-a72d-fc1dc2833db7,/home/izpiz/coding/automatic-raga-recognition/dataset/RagaDataset/Hindustani/features/1e7de02f-e77f-405a-a033-f31117aaf955
Hindustani,Darbāri,118401e7-8de8-4d81-9d8e-8070889e3fa8,1f5947f8-e4b8-47e4-86a6-8a817dbf8554,RagaDataset/Hindustani/audio/118401e7-8de8-4d81-9d8e-8070889e3fa8/Madhup_Mudgal/Eternal_Music/Raga_Darbari_Kanhada_1f5947f8-e4b8-47e4-86a6-8a817dbf8554,/home/izpiz/coding/automatic-raga-recognition/dataset/RagaDataset/Hindustani/features/118401e7-8de8-4d81-9d8e-8070889e3fa8
Hindustani,Bilāsakhānī tōḍī,dd59147d-8775-44ff-a36b-0d9f15b31319,c6e488e4-daa6-401d-a3db-cfe3f0ae63d6,RagaDataset/Hindustani/audio/dd59147d-8775-44ff-a36b-0d9f15b31319/Girija_Devi/Masterworks_from_the_NCPA_Archives/Khyal_in_Raga_Bilaskhani_(Teental)_c6e488e4-daa6-401d-a3db-cfe3f0ae63d6,/home/izpiz/coding/automatic-raga-recognition/dataset/RagaDataset/Hindustani/features/dd59147d-8775-44ff-a36b-0d9f15b31319
Hindustani,Darbāri,118401e7-8de8-4d81-9d8e-8070889e3fa8,98e14bae-50ae-4c9b-bb39-693ef89fc5b2,RagaDataset/Hindustani/audio/118401e7-8de8-4d81-9d8e-8070889e3fa8/Bade_Ghulam_Ali_Khan/Ustad_Bade_Ghulam_Ali_Khan/Raga_Darbari_Kanada_98e14bae-50ae-4c9b-bb39-693ef89fc5b2,/home/izpiz/coding/automatic-raga-recognition/dataset/RagaDataset/Hindustani/features/118401e7-8de8-4d81-9d8e-8070889e3fa8
Hindustani,Yaman kalyāṇ,48b37bed-e847-4882-8a01-5c721e07f07d,a7a805ef-66c7-47aa-ad38-371c13fa3761,RagaDataset/Hindustani/audio/48b37bed-e847-4882-8a01-5c721e07f07d/Shashank_Maktedar/Hidden_Gems/Raga_Yaman_a7a805ef-66c7-47aa-ad38-371c13fa3761,/home/izpiz/coding/automatic-raga-recognition/dataset/RagaDataset/Hindustani/features/48b37bed-e847-4882-8a01-5c721e07f07d
Hindustani,Śrī,46997b02-f09c-4969-8138-4e1861f61967,928a430e-813e-48b0-8a23-566e74aa8dc9,RagaDataset/Hindustani/audio/46997b02-f09c-4969-8138-4e1861f61967/Kaustuv_Kanti_Ganguli/Raag_Shree/Raag_Shree_928a430e-813e-48b0-8a23-566e74aa8dc9,/home/izpiz/coding/automatic-raga-recognition/dataset/RagaDataset/Hindustani/features/46997b02-f09c-4969-8138-4e1861f61967
Hindustani,Śrī,46997b02-f09c-4969-8138-4e1861f61967,6ac112dd-b04f-4ad8-9913-1a1bfc35c5ec,RagaDataset/Hindustani/audio/46997b02-f09c-4969-8138-4e1861f61967/Ajoy_Chakrabarty/Subha_Chale_Sham_Dhale/Raga_Shree_-_Khayal_6ac112dd-b04f-4ad8-9913-1a1bfc35c5ec,/home/izpiz/coding/automatic-raga-recognition/dataset/RagaDataset/Hindustani/features/46997b02-f09c-4969-8138-4e1861f61967
Hindustani,Mālkauns,64e5fb9e-5569-4e80-8e6c-f543af9469c7,f149cad0-c5af-48d6-a726-ef3badb0169a,RagaDataset/Hindustani/audio/64e5fb9e-5569-4e80-8e6c-f543af9469c7/Malini_Rajurkar/Classical_Vocal/Raga_Malkauns_f149cad0-c5af-48d6-a726-ef3badb0169a,/home/izpiz/coding/automatic-raga-recognition/dataset/RagaDataset/Hindustani/features/64e5fb9e-5569-4e80-8e6c-f543af9469c7
Hindustani,Miyān malhār,1b05a564-059f-445b-b325-cf26318367e3,1f9922a5-0366-4461-96ac-81a31703416b,RagaDataset/Hindustani/audio/1b05a564-059f-445b-b325-cf26318367e3/Deborshee_Bhattacharya/Raag_Mian_Malhar_&_Ramdasi_Malhar/Raag_Mian_Malhar_1f9922a5-0366-4461-96ac-81a31703416b,/home/izpiz/coding/automatic-raga-recognition/dataset/RagaDataset/Hindustani/features/1b05a564-059f-445b-b325-cf26318367e3
Hindustani,Miyān malhār,1b05a564-059f-445b-b325-cf26318367e3,9cb37475-852e-4f7c-81c6-78824d08b839,RagaDataset/Hindustani/audio/1b05a564-059f-445b-b325-cf26318367e3/Bhimsen_Joshi/Naad_Brahma_-_The_Eternal_Voice_Volume_1/Raga_Mian_Ki_Malhar_-_Vilambit_Khayal_In_Ektaal_9cb37475-852e-4f7c-81c6-78824d08b839,/home/izpiz/coding/automatic-raga-recognition/dataset/RagaDataset/Hindustani/features/1b05a564-059f-445b-b325-cf26318367e3
Hindustani,Śrī,46997b02-f09c-4969-8138-4e1861f61967,6502220f-ec92-4308-99d4-3922f41579aa,RagaDataset/Hindustani/audio/46997b02-f09c-4969-8138-4e1861f61967/C_R_Vyas/The_Eternal_Rhapsody/Raga_Shree_-_Soon_Le_Ho_Araj_Mora_6502220f-ec92-4308-99d4-3922f41579aa,/home/izpiz/coding/automatic-raga-recognition/dataset/RagaDataset/Hindustani/features/46997b02-f09c-4969-8138-4e1861f61967
Hindustani,Miyān malhār,1b05a564-059f-445b-b325-cf26318367e3,6848a21a-20da-4023-a608-332870105a92,RagaDataset/Hindustani/audio/1b05a564-059f-445b-b325-cf26318367e3/Veena_Sahasrabuddhe/Tribute_To_Miyan_Tansen_Vol-1/Karim_Naam_Tero_and_Gahar_Aayo_Re_Badarva_6848a21a-20da-4023-a608-332870105a92,/home/izpiz/coding/automatic-raga-recognition/dataset/RagaDataset/Hindustani/features/1b05a564-059f-445b-b325-cf26318367e3
Hindustani,Khamāj,93c73081-bdf8-4eca-b325-d736b71e9b4b,5c3bd389-696a-4ffd-93af-94b68343e9b7,RagaDataset/Hindustani/audio/93c73081-bdf8-4eca-b325-d736b71e9b4b/Abdul_Rashid_Khan/Rasan_Piya_-_Volume_1/Chanchal_Chatur_Nodar_Kanhale_-_Khamaj_5c3bd389-696a-4ffd-93af-94b68343e9b7,/home/izpiz/coding/automatic-raga-recognition/dataset/RagaDataset/Hindustani/features/93c73081-bdf8-4eca-b325-d736b71e9b4b
Hindustani,Mālkauns,64e5fb9e-5569-4e80-8e6c-f543af9469c7,5233f93f-4f1c-4ba1-9d3f-3d47a5f81d2e,RagaDataset/Hindustani/audio/64e5fb9e-5569-4e80-8e6c-f543af9469c7/Kesarbai_Kerkar/20th_Century_Baithak_Series/Raga_Malkauns_-_Teental_5233f93f-4f1c-4ba1-9d3f-3d47a5f81d2e,/home/izpiz/coding/automatic-raga-recognition/dataset/RagaDataset/Hindustani/features/64e5fb9e-5569-4e80-8e6c-f543af9469c7
Hindustani,Khamāj,93c73081-bdf8-4eca-b325-d736b71e9b4b,9ce13d3a-f853-490c-a706-39283372eb0e,RagaDataset/Hindustani/audio/93c73081-bdf8-4eca-b325-d736b71e9b4b/Ajoy_Chakrabarty/Ajoy_Chakrabarty-Vocal/Drut_Bandish_In_Tintal_9ce13d3a-f853-490c-a706-39283372eb0e,/home/izpiz/coding/automatic-raga-recognition/dataset/RagaDataset/Hindustani/features/93c73081-bdf8-4eca-b325-d736b71e9b4b
Hindustani,Yaman kalyāṇ,48b37bed-e847-4882-8a01-5c721e07f07d,e2bfec5e-df30-42b5-9157-e4fd102a78a6,RagaDataset/Hindustani/audio/48b37bed-e847-4882-8a01-5c721e07f07d/Bhimsen_Joshi/Raagadhiraj/Ay_Piya_Bin_Kaise_Taroge_and_Eri_Aali_Piya_Bin_e2bfec5e-df30-42b5-9157-e4fd102a78a6,/home/izpiz/coding/automatic-raga-recognition/dataset/RagaDataset/Hindustani/features/48b37bed-e847-4882-8a01-5c721e07f07d
Hindustani,Bhairav,1e7de02f-e77f-405a-a033-f31117aaf955,8718d4df-5fcb-419f-b209-5d34b2474a28,RagaDataset/Hindustani/audio/1e7de02f-e77f-405a-a033-f31117aaf955/Abdul_Rashid_Khan/Rasan_Piya_-_Volume_4/Magwa_Pe_Rokey_Thharo_Ree_8718d4df-5fcb-419f-b209-5d34b2474a28,/home/izpiz/coding/automatic-raga-recognition/dataset/RagaDataset/Hindustani/features/1e7de02f-e77f-405a-a033-f31117aaf955
Hindustani,Mālkauns,64e5fb9e-5569-4e80-8e6c-f543af9469c7,f5d3cea0-50ad-461f-9aa2-20f2434ae1e8,RagaDataset/Hindustani/audio/64e5fb9e-5569-4e80-8e6c-f543af9469c7/Rashid_Khan/The_Genius_Of_Ustad_Rashid_Khan/Raga_-_Malkauns_f5d3cea0-50ad-461f-9aa2-20f2434ae1e8,/home/izpiz/coding/automatic-raga-recognition/dataset/RagaDataset/Hindustani/features/64e5fb9e-5569-4e80-8e6c-f543af9469c7
Hindustani,Mālkauns,64e5fb9e-5569-4e80-8e6c-f543af9469c7,2d207bf5-90cf-4d74-8703-b3b0d52a531f,RagaDataset/Hindustani/audio/64e5fb9e-5569-4e80-8e6c-f543af9469c7/Ulhas_Kashalkar/Masterpieces/Malkauns_Bada_Khyal_2d207bf5-90cf-4d74-8703-b3b0d52a531f,/home/izpiz/coding/automatic-raga-recognition/dataset/RagaDataset/Hindustani/features/64e5fb9e-5569-4e80-8e6c-f543af9469c7
Hindustani,Śrī,46997b02-f09c-4969-8138-4e1861f61967,454f0c85-a41b-48c1-afa5-b4f5dbcb7947,"RagaDataset/Hindustani/audio/46997b02-f09c-4969-8138-4e1861f61967/Kaustuv_Kanti_Ganguli/Raag_Shree,_Lalit_Pancham_&_Bhairavi_Thumri/Raag_Shree_454f0c85-a41b-48c1-afa5-b4f5dbcb7947",/home/izpiz/coding/automatic-raga-recognition/dataset/RagaDataset/Hindustani/features/46997b02-f09c-4969-8138-4e1861f61967
Hindustani,Khamāj,93c73081-bdf8-4eca-b325-d736b71e9b4b,76f343ce-a0ce-40c0-89aa-969c75a8cec2,RagaDataset/Hindustani/audio/93c73081-bdf8-4eca-b325-d736b71e9b4b/Abdul_Rashid_Khan/Rasan_Piya_-_Volume_2/Kab_Ghar_Aao_Piya_More_Paas_76f343ce-a0ce-40c0-89aa-969c75a8cec2,/home/izpiz/coding/automatic-raga-recognition/dataset/RagaDataset/Hindustani/features/93c73081-bdf8-4eca-b325-d736b71e9b4b
Hindustani,Khamāj,93c73081-bdf8-4eca-b325-d736b71e9b4b,88210cd2-6440-4868-b6aa-3aeb403b4feb,RagaDataset/Hindustani/audio/93c73081-bdf8-4eca-b325-d736b71e9b4b/Ajoy_Chakrabarty/Ajoy_Chakrabarty-Vocal/Vilambit_Bandish_In_Ektal_88210cd2-6440-4868-b6aa-3aeb403b4feb,/home/izpiz/coding/automatic-raga-recognition/dataset/RagaDataset/Hindustani/features/93c73081-bdf8-4eca-b325-d736b71e9b4b
Hindustani,Bilāsakhānī tōḍī,dd59147d-8775-44ff-a36b-0d9f15b31319,62ccf764-ddbd-49d4-a05a-cda03f4192a6,RagaDataset/Hindustani/audio/dd59147d-8775-44ff-a36b-0d9f15b31319/Satyasheel_Deshpande/Kahen/Balam_Mori_Chando_Kalaiya_62ccf764-ddbd-49d4-a05a-cda03f4192a6,/home/izpiz/coding/automatic-raga-recognition/dataset/RagaDataset/Hindustani/features/dd59147d-8775-44ff-a36b-0d9f15b31319
