tradition,raga,class_idx,raga_id,recording,split,n_windows
Carnatic,Aṭāna,0,6345e8fe-7061-4bdc-842c-dcfd4a379820,/kaggle/input/datasets/izpiz06/ragadataset/RagaDataset/Carnatic/features/6345e8fe-7061-4bdc-842c-dcfd4a379820/S__Sowmya/Bharat_Sangeet_Utsav/Anupama_Gunambudhi/Anupama_Gunambudhi.pitch,train,200
Carnatic,Aṭāna,0,6345e8fe-7061-4bdc-842c-dcfd4a379820,/kaggle/input/datasets/izpiz06/ragadataset/RagaDataset/Carnatic/features/6345e8fe-7061-4bdc-842c-dcfd4a379820/Nithyasree_Mahadevan/December_Season_2006/Sri_Vaidyanatham/Sri_Vaidyanatham.pitch,train,200
Carnatic,Aṭāna,0,6345e8fe-7061-4bdc-842c-dcfd4a379820,/kaggle/input/datasets/izpiz06/ragadataset/RagaDataset/Carnatic/features/6345e8fe-7061-4bdc-842c-dcfd4a379820/Aruna_Sairam/Madrasil_Margazhi_2005/Ela_Ni_Dayaradu/Ela_Ni_Dayaradu.pitch,train,200
Carnatic,Aṭāna,0,6345e8fe-7061-4bdc-842c-dcfd4a379820,/kaggle/input/datasets/izpiz06/ragadataset/RagaDataset/Carnatic/features/6345e8fe-7061-4bdc-842c-dcfd4a379820/Musiri_Subramania_Iyer/Paddhatti/Sri_Kumara/Sri_Kumara.pitch,train,200
Carnatic,Aṭāna,0,6345e8fe-7061-4bdc-842c-dcfd4a379820,/kaggle/input/datasets/izpiz06/ragadataset/RagaDataset/Carnatic/features/6345e8fe-7061-4bdc-842c-dcfd4a379820/Kunnakkudi_M_Balamuralikrishna/December_Season_2006/Ilalo_Pranatartiharudanuchu/Ilalo_Pranatartiharudanuchu.pitch,train,200
Carnatic,Aṭāna,0,6345e8fe-7061-4bdc-842c-dcfd4a379820,/kaggle/input/datasets/izpiz06/ragadataset/RagaDataset/Carnatic/features/6345e8fe-7061-4bdc-842c-dcfd4a379820/Gayathri_Venkataraghavan/December_Season_2006/Sri_Rama_Nama_Bhajanai/Sri_Rama_Nama_Bhajanai.pitch,train,200
Carnatic,Aṭāna,0,6345e8fe-7061-4bdc-842c-dcfd4a379820,/kaggle/input/datasets/izpiz06/ragadataset/RagaDataset/Carnatic/features/6345e8fe-7061-4bdc-842c-dcfd4a379820/Gayathri_Girish/December_Season_2007/Anupamagunabhudhi/Anupamagunabhudhi.pitch,train,200
Carnatic,Aṭāna,0,6345e8fe-7061-4bdc-842c-dcfd4a379820,/kaggle/input/datasets/izpiz06/ragadataset/RagaDataset/Carnatic/features/6345e8fe-7061-4bdc-842c-dcfd4a379820/T__Brinda/All_Time_Favourites_-_Vol_2/Valaputala/Valaputala.pitch,train,200
Carnatic,Aṭāna,0,6345e8fe-7061-4bdc-842c-dcfd4a379820,/kaggle/input/datasets/izpiz06/ragadataset/RagaDataset/Carnatic/features/6345e8fe-7061-4bdc-842c-dcfd4a379820/K__V__Narayanaswami/Master_Piece_-_Live_Concert_at_Sri_Krishna_Gana_Sabha_Vol_I/Elani_Dayaradu/Elani_Dayaradu.pitch,train,200
Carnatic,Aṭāna,0,6345e8fe-7061-4bdc-842c-dcfd4a379820,/kaggle/input/datasets/izpiz06/ragadataset/RagaDataset/Carnatic/features/6345e8fe-7061-4bdc-842c-dcfd4a379820/Maharajapuram_S_Ramachandran/December_Season_2009/Elara_Nee_Dayaraadu/Elara_Nee_Dayaraadu.pitch,held_out,200
Carnatic,Aṭāna,0,6345e8fe-7061-4bdc-842c-dcfd4a379820,"/kaggle/input/datasets/izpiz06/ragadataset/RagaDataset/Carnatic/features/6345e8fe-7061-4bdc-842c-dcfd4a379820/K__V__Narayanaswami/K__V__Narayanaswami_concert_at_Dayton,_1993/Anupamagunambudi/Anupamagunambudi.pitch",held_out,200
Carnatic,Aṭāna,0,6345e8fe-7061-4bdc-842c-dcfd4a379820,/kaggle/input/datasets/izpiz06/ragadataset/RagaDataset/Carnatic/features/6345e8fe-7061-4bdc-842c-dcfd4a379820/M__L__Vasanthakumari/Paddhatti/Kalakalan_Kayilai_Nathan/Kalakalan_Kayilai_Nathan.pitch,held_out,200
Carnatic,Bhairavi,1,123b09bd-9901-4e64-a65a-10b02c9e0597,/kaggle/input/datasets/izpiz06/ragadataset/RagaDataset/Carnatic/features/123b09bd-9901-4e64-a65a-10b02c9e0597/Sanjay_Subrahmanyan/Live_at_Kamarajar_Hall/Kamakshi/Kamakshi.pitch,train,200
Carnatic,Bhairavi,1,123b09bd-9901-4e64-a65a-10b02c9e0597,/kaggle/input/datasets/izpiz06/ragadataset/RagaDataset/Carnatic/features/123b09bd-9901-4e64-a65a-10b02c9e0597/Nisha_P_Rajagopal/December_Season_2009/Raksha_Bettare/Raksha_Bettare.pitch,train,200
Carnatic,Bhairavi,1,123b09bd-9901-4e64-a65a-10b02c9e0597,/kaggle/input/datasets/izpiz06/ragadataset/RagaDataset/Carnatic/features/123b09bd-9901-4e64-a65a-10b02c9e0597/Bombay_Jayashri/Madrasil_Margazhi_2006/Sri_Raghuvara_Sugunalaya/Sri_Raghuvara_Sugunalaya.pitch,train,200
Carnatic,Bhairavi,1,123b09bd-9901-4e64-a65a-10b02c9e0597,/kaggle/input/datasets/izpiz06/ragadataset/RagaDataset/Carnatic/features/123b09bd-9901-4e64-a65a-10b02c9e0597/Amritha_Murali/December_Season_2008/Upacharamu/Upacharamu.pitch,train,200
Carnatic,Bhairavi,1,123b09bd-9901-4e64-a65a-10b02c9e0597,/kaggle/input/datasets/izpiz06/ragadataset/RagaDataset/Carnatic/features/123b09bd-9901-4e64-a65a-10b02c9e0597/D__K__Jayaraman/Paddhatti_Live_In_Concert_1990/Thaye_Ezhai/Thaye_Ezhai.pitch,train,200
Carnatic,Bhairavi,1,123b09bd-9901-4e64-a65a-10b02c9e0597,/kaggle/input/datasets/izpiz06/ragadataset/RagaDataset/Carnatic/features/123b09bd-9901-4e64-a65a-10b02c9e0597/Amritha_Murali/December_Season_2009/Enati_Nomu_Phalamu/Enati_Nomu_Phalamu.pitch,train,200
Carnatic,Bhairavi,1,123b09bd-9901-4e64-a65a-10b02c9e0597,/kaggle/input/datasets/izpiz06/ragadataset/RagaDataset/Carnatic/features/123b09bd-9901-4e64-a65a-10b02c9e0597/Rithvik_Raja/Rithvik_Raja_at_Arkay/Chintayama_Kanda/Chintayama_Kanda.pitch,train,200
Carnatic,Bhairavi,1,123b09bd-9901-4e64-a65a-10b02c9e0597,/kaggle/input/datasets/izpiz06/ragadataset/RagaDataset/Carnatic/features/123b09bd-9901-4e64-a65a-10b02c9e0597/Gayathri_Venkataraghavan/December_Season_2008/Ni_Pada_Mule/Ni_Pada_Mule.pitch,train,200
Carnatic,Bhairavi,1,123b09bd-9901-4e64-a65a-10b02c9e0597,/kaggle/input/datasets/izpiz06/ragadataset/RagaDataset/Carnatic/features/123b09bd-9901-4e64-a65a-10b02c9e0597/T__M__Krishna/December_Season_2009/Balagopala_Special_Note_by_T_M_Krishna/Balagopala_Special_Note_by_T_M_Krishna.pitch,train,200
Carnatic,Bhairavi,1,123b09bd-9901-4e64-a65a-10b02c9e0597,/kaggle/input/datasets/izpiz06/ragadataset/RagaDataset/Carnatic/features/123b09bd-9901-4e64-a65a-10b02c9e0597/Gayathri_Venkataraghavan/December_Season_2001/Sariyevaramma/Sariyevaramma.pitch,held_out,200
Carnatic,Bhairavi,1,123b09bd-9901-4e64-a65a-10b02c9e0597,/kaggle/input/datasets/izpiz06/ragadataset/RagaDataset/Carnatic/features/123b09bd-9901-4e64-a65a-10b02c9e0597/Sikkil_Gurucharan/December_Season_2006/Keechu_Keechu/Keechu_Keechu.pitch,held_out,200
Carnatic,Bhairavi,1,123b09bd-9901-4e64-a65a-10b02c9e0597,/kaggle/input/datasets/izpiz06/ragadataset/RagaDataset/Carnatic/features/123b09bd-9901-4e64-a65a-10b02c9e0597/T__M__Krishna/December_Season_1999/Viriboni/Viriboni.pitch,held_out,200
Carnatic,Kalyāṇi,2,bf4662d4-25c3-4cad-9249-4de2dc513c06,/kaggle/input/datasets/izpiz06/ragadataset/RagaDataset/Carnatic/features/bf4662d4-25c3-4cad-9249-4de2dc513c06/Sanjay_Subrahmanyan/Sanjay_at_Sastri_Hall/Vanajakshi_-_Varnam/Vanajakshi_-_Varnam.pitch,train,200
Carnatic,Kalyāṇi,2,bf4662d4-25c3-4cad-9249-4de2dc513c06,/kaggle/input/datasets/izpiz06/ragadataset/RagaDataset/Carnatic/features/bf4662d4-25c3-4cad-9249-4de2dc513c06/Nisha_P_Rajagopal/December_Season_2011/Nidhi_Chala_Sukhama/Nidhi_Chala_Sukhama.pitch,train,200
Carnatic,Kalyāṇi,2,bf4662d4-25c3-4cad-9249-4de2dc513c06,/kaggle/input/datasets/izpiz06/ragadataset/RagaDataset/Carnatic/features/bf4662d4-25c3-4cad-9249-4de2dc513c06/Sikkil_Gurucharan/December_Season_2004/Talli_Ninnu_Nera/Talli_Ninnu_Nera.pitch,train,200
Carnatic,Kalyāṇi,2,bf4662d4-25c3-4cad-9249-4de2dc513c06,/kaggle/input/datasets/izpiz06/ragadataset/RagaDataset/Carnatic/features/bf4662d4-25c3-4cad-9249-4de2dc513c06/Modhumudi_Sudhakar/Modhumudi_Sudhakar_at_Arkay/Sundari_Nee_Divya/Sundari_Nee_Divya.pitch,train,200
Carnatic,Kalyāṇi,2,bf4662d4-25c3-4cad-9249-4de2dc513c06,/kaggle/input/datasets/izpiz06/ragadataset/RagaDataset/Carnatic/features/bf4662d4-25c3-4cad-9249-4de2dc513c06/Tanjore_S_Kalyanaraman/Tanjore_S_KALYANARAMAN_Live_in_concert-1972-vol_I_and_vol_II/Talli_Ninnu_Nera/Talli_Ninnu_Nera.pitch,train,200
Carnatic,Kalyāṇi,2,bf4662d4-25c3-4cad-9249-4de2dc513c06,/kaggle/input/datasets/izpiz06/ragadataset/RagaDataset/Carnatic/features/bf4662d4-25c3-4cad-9249-4de2dc513c06/Sanjay_Subrahmanyan/Live_at_Vani_Mahal/Paarengum/Paarengum.pitch,train,200
Carnatic,Kalyāṇi,2,bf4662d4-25c3-4cad-9249-4de2dc513c06,/kaggle/input/datasets/izpiz06/ragadataset/RagaDataset/Carnatic/features/bf4662d4-25c3-4cad-9249-4de2dc513c06/Amrutha_Venkatesh/December_Season_2009/Vanajakshiro/Vanajakshiro.pitch,train,200
Carnatic,Kalyāṇi,2,bf4662d4-25c3-4cad-9249-4de2dc513c06,/kaggle/input/datasets/izpiz06/ragadataset/RagaDataset/Carnatic/features/bf4662d4-25c3-4cad-9249-4de2dc513c06/Sanjay_Subrahmanyan/December_Season_2006/Ambarame_Tannire/Ambarame_Tannire.pitch,train,200
Carnatic,Kalyāṇi,2,bf4662d4-25c3-4cad-9249-4de2dc513c06,/kaggle/input/datasets/izpiz06/ragadataset/RagaDataset/Carnatic/features/bf4662d4-25c3-4cad-9249-4de2dc513c06/Abhishek_Raghuram/December_Season_2008/Nidhi_Chala_Sukhama/Nidhi_Chala_Sukhama.pitch,train,200
Carnatic,Kalyāṇi,2,bf4662d4-25c3-4cad-9249-4de2dc513c06,/kaggle/input/datasets/izpiz06/ragadataset/RagaDataset/Carnatic/features/bf4662d4-25c3-4cad-9249-4de2dc513c06/Vijay_Siva/Madrasil_Margazhi_2006/Abhayamba/Abhayamba.pitch,held_out,200
Carnatic,Kalyāṇi,2,bf4662d4-25c3-4cad-9249-4de2dc513c06,/kaggle/input/datasets/izpiz06/ragadataset/RagaDataset/Carnatic/features/bf4662d4-25c3-4cad-9249-4de2dc513c06/Gayathri_Venkataraghavan/December_Season_2008/Kanden_Kaliten/Kanden_Kaliten.pitch,held_out,200
Carnatic,Kalyāṇi,2,bf4662d4-25c3-4cad-9249-4de2dc513c06,/kaggle/input/datasets/izpiz06/ragadataset/RagaDataset/Carnatic/features/bf4662d4-25c3-4cad-9249-4de2dc513c06/Abhishek_Raghuram/Pravrddha_Sri_Lalgudi_Pancharatna_Kritis/Isha_Paahimam/Isha_Paahimam.pitch,held_out,200
Carnatic,Kāpi,3,09c179f3-8b19-4792-a852-e9fa0090e409,/kaggle/input/datasets/izpiz06/ragadataset/RagaDataset/Carnatic/features/09c179f3-8b19-4792-a852-e9fa0090e409/Sanjay_Subrahmanyan/Sanjay_at_Sastri_Hall/Kalilo_Hari_Smrana/Kalilo_Hari_Smrana.pitch,train,200
Carnatic,Kāpi,3,09c179f3-8b19-4792-a852-e9fa0090e409,/kaggle/input/datasets/izpiz06/ragadataset/RagaDataset/Carnatic/features/09c179f3-8b19-4792-a852-e9fa0090e409/Gayathri_Venkataraghavan/December_Season_2010/Jagadodharana/Jagadodharana.pitch,train,200
Carnatic,Kāpi,3,09c179f3-8b19-4792-a852-e9fa0090e409,/kaggle/input/datasets/izpiz06/ragadataset/RagaDataset/Carnatic/features/09c179f3-8b19-4792-a852-e9fa0090e409/Sangeetha_Swaminathan/December_Season_1999/Amma_Kripai_Thandu/Amma_Kripai_Thandu.pitch,train,200
Carnatic,Kāpi,3,09c179f3-8b19-4792-a852-e9fa0090e409,/kaggle/input/datasets/izpiz06/ragadataset/RagaDataset/Carnatic/features/09c179f3-8b19-4792-a852-e9fa0090e409/Prasanna_Venkataraman/December_Season_2007/Vizhikkuttunai/Vizhikkuttunai.pitch,train,200
Carnatic,Kāpi,3,09c179f3-8b19-4792-a852-e9fa0090e409,/kaggle/input/datasets/izpiz06/ragadataset/RagaDataset/Carnatic/features/09c179f3-8b19-4792-a852-e9fa0090e409/Amritha_Murali/December_Season_2011/Brindavana_Dolagaaduva/Brindavana_Dolagaaduva.pitch,train,200
Carnatic,Kāpi,3,09c179f3-8b19-4792-a852-e9fa0090e409,/kaggle/input/datasets/izpiz06/ragadataset/RagaDataset/Carnatic/features/09c179f3-8b19-4792-a852-e9fa0090e409/Sikkil_Gurucharan/December_Season_2006/Kanaka_Sabhaiyai/Kanaka_Sabhaiyai.pitch,train,200
Carnatic,Kāpi,3,09c179f3-8b19-4792-a852-e9fa0090e409,"/kaggle/input/datasets/izpiz06/ragadataset/RagaDataset/Carnatic/features/09c179f3-8b19-4792-a852-e9fa0090e409/O__S__Thyagarajan/Live_At_Sree_Rama_Seva_Mandali,_Bangalore/Jagadodharana/Jagadodharana.pitch",train,200
Carnatic,Kāpi,3,09c179f3-8b19-4792-a852-e9fa0090e409,/kaggle/input/datasets/izpiz06/ragadataset/RagaDataset/Carnatic/features/09c179f3-8b19-4792-a852-e9fa0090e409/Kunnakkudi_M_Balamuralikrishna/December_Season_2009/Aravinda_Pada_Malar/Aravinda_Pada_Malar.pitch,train,200
Carnatic,Kāpi,3,09c179f3-8b19-4792-a852-e9fa0090e409,/kaggle/input/datasets/izpiz06/ragadataset/RagaDataset/Carnatic/features/09c179f3-8b19-4792-a852-e9fa0090e409/Sikkil_Gurucharan/December_Season_2007/Jo_Achyuta_Nanda/Jo_Achyuta_Nanda.pitch,train,200
Carnatic,Kāpi,3,09c179f3-8b19-4792-a852-e9fa0090e409,/kaggle/input/datasets/izpiz06/ragadataset/RagaDataset/Carnatic/features/09c179f3-8b19-4792-a852-e9fa0090e409/Sikkil_Gurucharan/December_Season_2009/Kartikeyanai_Kannara/Kartikeyanai_Kannara.pitch,held_out,200
Carnatic,Kāpi,3,09c179f3-8b19-4792-a852-e9fa0090e409,/kaggle/input/datasets/izpiz06/ragadataset/RagaDataset/Carnatic/features/09c179f3-8b19-4792-a852-e9fa0090e409/Sikkil_Gurucharan/December_Season_2011/Meevalla_Gunadosha/Meevalla_Gunadosha.pitch,held_out,200
Carnatic,Kāpi,3,09c179f3-8b19-4792-a852-e9fa0090e409,/kaggle/input/datasets/izpiz06/ragadataset/RagaDataset/Carnatic/features/09c179f3-8b19-4792-a852-e9fa0090e409/M_S__Subbulakshmi/M_S__Subbulakshmi_concert_at_Chicago_1977/Jagadoddharan/Jagadoddharan.pitch,held_out,200
Carnatic,Kāṁbhōji,4,f0866e71-33b2-47db-ab75-0808c41f2401,/kaggle/input/datasets/izpiz06/ragadataset/RagaDataset/Carnatic/features/f0866e71-33b2-47db-ab75-0808c41f2401/Amritha_Murali/December_Season_2011/Koniyadina_Napai/Koniyadina_Napai.pitch,train,200
Carnatic,Kāṁbhōji,4,f0866e71-33b2-47db-ab75-0808c41f2401,/kaggle/input/datasets/izpiz06/ragadataset/RagaDataset/Carnatic/features/f0866e71-33b2-47db-ab75-0808c41f2401/Musiri_Subramania_Iyer/Paddhatti/Tiruvadicharanam/Tiruvadicharanam.pitch,train,200
Carnatic,Kāṁbhōji,4,f0866e71-33b2-47db-ab75-0808c41f2401,/kaggle/input/datasets/izpiz06/ragadataset/RagaDataset/Carnatic/features/f0866e71-33b2-47db-ab75-0808c41f2401/K__V__Narayanaswami/Master_Piece_-_Live_Concert_at_Sri_Krishna_Gana_Sabha_Vol_II/Rasa_Vilasa/Rasa_Vilasa.pitch,train,200
Carnatic,Kāṁbhōji,4,f0866e71-33b2-47db-ab75-0808c41f2401,/kaggle/input/datasets/izpiz06/ragadataset/RagaDataset/Carnatic/features/f0866e71-33b2-47db-ab75-0808c41f2401/Sumithra_Vasudev/December_Season_2010/Sarasijanabha/Sarasijanabha.pitch,train,200
Carnatic,Kāṁbhōji,4,f0866e71-33b2-47db-ab75-0808c41f2401,/kaggle/input/datasets/izpiz06/ragadataset/RagaDataset/Carnatic/features/f0866e71-33b2-47db-ab75-0808c41f2401/M_S__Subbulakshmi/Paddhatti/O_Ranga_Sai/O_Ranga_Sai.pitch,train,200
Carnatic,Kāṁbhōji,4,f0866e71-33b2-47db-ab75-0808c41f2401,/kaggle/input/datasets/izpiz06/ragadataset/RagaDataset/Carnatic/features/f0866e71-33b2-47db-ab75-0808c41f2401/Sanjay_Subrahmanyan/Sanjay_at_Sastri_Hall/O_Rangashayee/O_Rangashayee.pitch,train,200
Carnatic,Kāṁbhōji,4,f0866e71-33b2-47db-ab75-0808c41f2401,/kaggle/input/datasets/izpiz06/ragadataset/RagaDataset/Carnatic/features/f0866e71-33b2-47db-ab75-0808c41f2401/Sanjay_Subrahmanyan/December_Season_2006/Neeye_Sharan_Shanmukha/Neeye_Sharan_Shanmukha.pitch,train,200
Carnatic,Kāṁbhōji,4,f0866e71-33b2-47db-ab75-0808c41f2401,/kaggle/input/datasets/izpiz06/ragadataset/RagaDataset/Carnatic/features/f0866e71-33b2-47db-ab75-0808c41f2401/K__V__Narayanaswami/K__V__Narayanaswami_concert_at_Palace_1986/Marakatha_Valli/Marakatha_Valli.pitch,train,200
Carnatic,Kāṁbhōji,4,f0866e71-33b2-47db-ab75-0808c41f2401,"/kaggle/input/datasets/izpiz06/ragadataset/RagaDataset/Carnatic/features/f0866e71-33b2-47db-ab75-0808c41f2401/Sanjay_Subrahmanyan/Kutcheri,_Live_at_Gokhale_Hall/Tiruvadicharanam/Tiruvadicharanam.pitch",train,200
Carnatic,Kāṁbhōji,4,f0866e71-33b2-47db-ab75-0808c41f2401,/kaggle/input/datasets/izpiz06/ragadataset/RagaDataset/Carnatic/features/f0866e71-33b2-47db-ab75-0808c41f2401/T__M__Krishna/December_Season_2009/Nadamadi/Nadamadi.pitch,held_out,200
Carnatic,Kāṁbhōji,4,f0866e71-33b2-47db-ab75-0808c41f2401,/kaggle/input/datasets/izpiz06/ragadataset/RagaDataset/Carnatic/features/f0866e71-33b2-47db-ab75-0808c41f2401/Nithyasree_Mahadevan/December_Season_2002/Sri_Raghuvara/Sri_Raghuvara.pitch,held_out,200
Carnatic,Kāṁbhōji,4,f0866e71-33b2-47db-ab75-0808c41f2401,/kaggle/input/datasets/izpiz06/ragadataset/RagaDataset/Carnatic/features/f0866e71-33b2-47db-ab75-0808c41f2401/Abhishek_Raghuram/Pravrddha_Sri_Lalgudi_Pancharatna_Kritis/Mahita_Pravrddha/Mahita_Pravrddha.pitch,held_out,200
Carnatic,Kēdāragauḷa,5,df85a0a5-b1a8-42f1-a87b-3d7c7ee33fb4,/kaggle/input/datasets/izpiz06/ragadataset/RagaDataset/Carnatic/features/df85a0a5-b1a8-42f1-a87b-3d7c7ee33fb4/Rithvik_Raja/Rithvik_Raja_at_Arkay/Saraguna_Palimpa/Saraguna_Palimpa.pitch,train,200
Carnatic,Kēdāragauḷa,5,df85a0a5-b1a8-42f1-a87b-3d7c7ee33fb4,/kaggle/input/datasets/izpiz06/ragadataset/RagaDataset/Carnatic/features/df85a0a5-b1a8-42f1-a87b-3d7c7ee33fb4/Gayathri_Venkataraghavan/December_Season_2006/Parakela_Nannu/Parakela_Nannu.pitch,train,200
Carnatic,Kēdāragauḷa,5,df85a0a5-b1a8-42f1-a87b-3d7c7ee33fb4,/kaggle/input/datasets/izpiz06/ragadataset/RagaDataset/Carnatic/features/df85a0a5-b1a8-42f1-a87b-3d7c7ee33fb4/Prasanna_Venkataraman/December_Season_2008/Saragunapalimpa/Saragunapalimpa.pitch,train,200
Carnatic,Kēdāragauḷa,5,df85a0a5-b1a8-42f1-a87b-3d7c7ee33fb4,/kaggle/input/datasets/izpiz06/ragadataset/RagaDataset/Carnatic/features/df85a0a5-b1a8-42f1-a87b-3d7c7ee33fb4/Sanjay_Subrahmanyan/December_Season_2010/Venugana_Loluni/Venugana_Loluni.pitch,train,200
Carnatic,Kēdāragauḷa,5,df85a0a5-b1a8-42f1-a87b-3d7c7ee33fb4,/kaggle/input/datasets/izpiz06/ragadataset/RagaDataset/Carnatic/features/df85a0a5-b1a8-42f1-a87b-3d7c7ee33fb4/Unnikrishnan/December_Season_2005/Sami_Daya_Juda/Sami_Daya_Juda.pitch,train,200
Carnatic,Kēdāragauḷa,5,df85a0a5-b1a8-42f1-a87b-3d7c7ee33fb4,/kaggle/input/datasets/izpiz06/ragadataset/RagaDataset/Carnatic/features/df85a0a5-b1a8-42f1-a87b-3d7c7ee33fb4/T__M__Krishna/December_Season_1999/Saraguna_Paalimpa/Saraguna_Paalimpa.pitch,train,200
Carnatic,Kēdāragauḷa,5,df85a0a5-b1a8-42f1-a87b-3d7c7ee33fb4,/kaggle/input/datasets/izpiz06/ragadataset/RagaDataset/Carnatic/features/df85a0a5-b1a8-42f1-a87b-3d7c7ee33fb4/Nithyasree_Mahadevan/December_Season_2000/Sami_Daya_Juda_-_Varnam/Sami_Daya_Juda_-_Varnam.pitch,train,200
Carnatic,Kēdāragauḷa,5,df85a0a5-b1a8-42f1-a87b-3d7c7ee33fb4,/kaggle/input/datasets/izpiz06/ragadataset/RagaDataset/Carnatic/features/df85a0a5-b1a8-42f1-a87b-3d7c7ee33fb4/G__N__Balasubramaniam/Sangeethamrutham/Innamum_Oru_daram/Innamum_Oru_daram.pitch,train,200
Carnatic,Kēdāragauḷa,5,df85a0a5-b1a8-42f1-a87b-3d7c7ee33fb4,/kaggle/input/datasets/izpiz06/ragadataset/RagaDataset/Carnatic/features/df85a0a5-b1a8-42f1-a87b-3d7c7ee33fb4/Cherthala_Ranganatha_Sharma/Cherthala_Ranganatha_Sharma_at_Arkay/Tulasi_Bilva/Tulasi_Bilva.pitch,train,200
Carnatic,Kēdāragauḷa,5,df85a0a5-b1a8-42f1-a87b-3d7c7ee33fb4,/kaggle/input/datasets/izpiz06/ragadataset/RagaDataset/Carnatic/features/df85a0a5-b1a8-42f1-a87b-3d7c7ee33fb4/Tanjore_S__Kalyanaraman/Live_Concert_1974/Venuganaloluni/Venuganaloluni.pitch,held_out,200
Carnatic,Kēdāragauḷa,5,df85a0a5-b1a8-42f1-a87b-3d7c7ee33fb4,/kaggle/input/datasets/izpiz06/ragadataset/RagaDataset/Carnatic/features/df85a0a5-b1a8-42f1-a87b-3d7c7ee33fb4/T__M__Krishna/December_Season_1999/Kedaragaula_-_Ragam_-_Vocal_-_Violin/Kedaragaula_-_Ragam_-_Vocal_-_Violin.pitch,held_out,200
Carnatic,Kēdāragauḷa,5,df85a0a5-b1a8-42f1-a87b-3d7c7ee33fb4,/kaggle/input/datasets/izpiz06/ragadataset/RagaDataset/Carnatic/features/df85a0a5-b1a8-42f1-a87b-3d7c7ee33fb4/K__V__Narayanaswami/K__V__Narayanaswami_concert_at_Ohio_1998/Andarama_Soundarya/Andarama_Soundarya.pitch,held_out,200
Carnatic,Mōhanaṁ,6,39821826-3327-41d7-9cd5-e22fe7b08360,/kaggle/input/datasets/izpiz06/ragadataset/RagaDataset/Carnatic/features/39821826-3327-41d7-9cd5-e22fe7b08360/Amrutha_Venkatesh/December_Season_2010/Vandaan_Vandaan_Bharatha/Vandaan_Vandaan_Bharatha.pitch,train,200
Carnatic,Mōhanaṁ,6,39821826-3327-41d7-9cd5-e22fe7b08360,"/kaggle/input/datasets/izpiz06/ragadataset/RagaDataset/Carnatic/features/39821826-3327-41d7-9cd5-e22fe7b08360/Sanjay_Subrahmanyan/Kutcheri,_Live_at_Gokhale_Hall/Kapali/Kapali.pitch",train,200
Carnatic,Mōhanaṁ,6,39821826-3327-41d7-9cd5-e22fe7b08360,/kaggle/input/datasets/izpiz06/ragadataset/RagaDataset/Carnatic/features/39821826-3327-41d7-9cd5-e22fe7b08360/Prasanna_Venkataraman/December_Season_2011/Narayana_Divya_namam/Narayana_Divya_namam.pitch,train,200
Carnatic,Mōhanaṁ,6,39821826-3327-41d7-9cd5-e22fe7b08360,/kaggle/input/datasets/izpiz06/ragadataset/RagaDataset/Carnatic/features/39821826-3327-41d7-9cd5-e22fe7b08360/Sumithra_Vasudev/Sumitra_Vasudev_at_Arkay/Mati_Matiki/Mati_Matiki.pitch,train,200
Carnatic,Mōhanaṁ,6,39821826-3327-41d7-9cd5-e22fe7b08360,/kaggle/input/datasets/izpiz06/ragadataset/RagaDataset/Carnatic/features/39821826-3327-41d7-9cd5-e22fe7b08360/Kunnakkudi_M_Balamuralikrishna/December_Season_2007/Nannu_Palimpa/Nannu_Palimpa.pitch,train,200
Carnatic,Mōhanaṁ,6,39821826-3327-41d7-9cd5-e22fe7b08360,/kaggle/input/datasets/izpiz06/ragadataset/RagaDataset/Carnatic/features/39821826-3327-41d7-9cd5-e22fe7b08360/Prasanna_Venkataraman/December_Season_2009/Nannupalimpa/Nannupalimpa.pitch,train,200
Carnatic,Mōhanaṁ,6,39821826-3327-41d7-9cd5-e22fe7b08360,/kaggle/input/datasets/izpiz06/ragadataset/RagaDataset/Carnatic/features/39821826-3327-41d7-9cd5-e22fe7b08360/Sangeetha_Swaminathan/December_Season_2011/Pahimam_Parvati/Pahimam_Parvati.pitch,train,200
Carnatic,Mōhanaṁ,6,39821826-3327-41d7-9cd5-e22fe7b08360,/kaggle/input/datasets/izpiz06/ragadataset/RagaDataset/Carnatic/features/39821826-3327-41d7-9cd5-e22fe7b08360/Chaitra_Sairam/Chaitra_Sairam_at_Arkay/Rakta_Ganapatim/Rakta_Ganapatim.pitch,train,200
Carnatic,Mōhanaṁ,6,39821826-3327-41d7-9cd5-e22fe7b08360,/kaggle/input/datasets/izpiz06/ragadataset/RagaDataset/Carnatic/features/39821826-3327-41d7-9cd5-e22fe7b08360/Sanjay_Subrahmanyan/December_Season_2001/Mohana_Rama/Mohana_Rama.pitch,train,200
Carnatic,Mōhanaṁ,6,39821826-3327-41d7-9cd5-e22fe7b08360,/kaggle/input/datasets/izpiz06/ragadataset/RagaDataset/Carnatic/features/39821826-3327-41d7-9cd5-e22fe7b08360/Prasanna_Venkataraman/December_Season_2008/Maruvakadaya/Maruvakadaya.pitch,held_out,200
Carnatic,Mōhanaṁ,6,39821826-3327-41d7-9cd5-e22fe7b08360,/kaggle/input/datasets/izpiz06/ragadataset/RagaDataset/Carnatic/features/39821826-3327-41d7-9cd5-e22fe7b08360/Prasanna_Venkataraman/December_Season_2007/Rama_Ninne/Rama_Ninne.pitch,held_out,200
Carnatic,Mōhanaṁ,6,39821826-3327-41d7-9cd5-e22fe7b08360,/kaggle/input/datasets/izpiz06/ragadataset/RagaDataset/Carnatic/features/39821826-3327-41d7-9cd5-e22fe7b08360/K__V__Narayanaswami/Collectors_Choice/Evarura/Evarura.pitch,held_out,200
Carnatic,Rītigauḷa,7,4ce0b18d-f4df-41cf-9b40-9166199506b4,/kaggle/input/datasets/izpiz06/ragadataset/RagaDataset/Carnatic/features/4ce0b18d-f4df-41cf-9b40-9166199506b4/Sandeep_Narayan/December_Season_2011/Vanajaksha/Vanajaksha.pitch,train,200
Carnatic,Rītigauḷa,7,4ce0b18d-f4df-41cf-9b40-9166199506b4,/kaggle/input/datasets/izpiz06/ragadataset/RagaDataset/Carnatic/features/4ce0b18d-f4df-41cf-9b40-9166199506b4/T__M__Krishna/December_Season_2006/Cheraravade_Mi_Ra/Cheraravade_Mi_Ra.pitch,train,200
Carnatic,Rītigauḷa,7,4ce0b18d-f4df-41cf-9b40-9166199506b4,/kaggle/input/datasets/izpiz06/ragadataset/RagaDataset/Carnatic/features/4ce0b18d-f4df-41cf-9b40-9166199506b4/Vasundara_Rajagopal/Vasundara_Rajagopal_at_Arkay/Ninnuvina_Marigalada/Ninnuvina_Marigalada.pitch,train,200
Carnatic,Rītigauḷa,7,4ce0b18d-f4df-41cf-9b40-9166199506b4,/kaggle/input/datasets/izpiz06/ragadataset/RagaDataset/Carnatic/features/4ce0b18d-f4df-41cf-9b40-9166199506b4/Aruna_Sairam/Madrasil_Margazhi_2006/Tatvamariya_Tarama/Tatvamariya_Tarama.pitch,train,200
Carnatic,Rītigauḷa,7,4ce0b18d-f4df-41cf-9b40-9166199506b4,/kaggle/input/datasets/izpiz06/ragadataset/RagaDataset/Carnatic/features/4ce0b18d-f4df-41cf-9b40-9166199506b4/Amrutha_Venkatesh/December_Season_2008/Janani_Ninnu_Vina/Janani_Ninnu_Vina.pitch,train,200
Carnatic,Rītigauḷa,7,4ce0b18d-f4df-41cf-9b40-9166199506b4,/kaggle/input/datasets/izpiz06/ragadataset/RagaDataset/Carnatic/features/4ce0b18d-f4df-41cf-9b40-9166199506b4/Sikkil_Gurucharan/December_Season_2006/Nannu_Vidachi/Nannu_Vidachi.pitch,train,200
Carnatic,Rītigauḷa,7,4ce0b18d-f4df-41cf-9b40-9166199506b4,/kaggle/input/datasets/izpiz06/ragadataset/RagaDataset/Carnatic/features/4ce0b18d-f4df-41cf-9b40-9166199506b4/Sanjay_Subrahmanyan/Sanjay_at_Sastri_Hall/Janani/Janani.pitch,train,200
Carnatic,Rītigauḷa,7,4ce0b18d-f4df-41cf-9b40-9166199506b4,/kaggle/input/datasets/izpiz06/ragadataset/RagaDataset/Carnatic/features/4ce0b18d-f4df-41cf-9b40-9166199506b4/Sangeetha_Swaminathan/December_Season_2010/Nannu_vidachi/Nannu_vidachi.pitch,train,200
Carnatic,Rītigauḷa,7,4ce0b18d-f4df-41cf-9b40-9166199506b4,/kaggle/input/datasets/izpiz06/ragadataset/RagaDataset/Carnatic/features/4ce0b18d-f4df-41cf-9b40-9166199506b4/Nisha_P_Rajagopal/December_Season_2003/Dvaitamu/Dvaitamu.pitch,train,200
Carnatic,Rītigauḷa,7,4ce0b18d-f4df-41cf-9b40-9166199506b4,/kaggle/input/datasets/izpiz06/ragadataset/RagaDataset/Carnatic/features/4ce0b18d-f4df-41cf-9b40-9166199506b4/Sanjay_Subrahmanyan/December_Season_2010/Raagaratna_malikache/Raagaratna_malikache.pitch,held_out,200
Carnatic,Rītigauḷa,7,4ce0b18d-f4df-41cf-9b40-9166199506b4,/kaggle/input/datasets/izpiz06/ragadataset/RagaDataset/Carnatic/features/4ce0b18d-f4df-41cf-9b40-9166199506b4/Kunnakkudi_M_Balamuralikrishna/December_Season_2009/Oraru_Mugane/Oraru_Mugane.pitch,held_out,200
Carnatic,Rītigauḷa,7,4ce0b18d-f4df-41cf-9b40-9166199506b4,/kaggle/input/datasets/izpiz06/ragadataset/RagaDataset/Carnatic/features/4ce0b18d-f4df-41cf-9b40-9166199506b4/Akkarai_Sisters/Akkarai_Sisters_at_Arkay/Koti_Janmani/Koti_Janmani.pitch,held_out,200
Carnatic,Tōḍi,8,a9413dff-91d1-4e29-ad92-c04019dce5b8,/kaggle/input/datasets/izpiz06/ragadataset/RagaDataset/Carnatic/features/a9413dff-91d1-4e29-ad92-c04019dce5b8/Nisha_P_Rajagopal/December_Season_2008/Ninne_Nammi_Naanu/Ninne_Nammi_Naanu.pitch,train,200
Carnatic,Tōḍi,8,a9413dff-91d1-4e29-ad92-c04019dce5b8,/kaggle/input/datasets/izpiz06/ragadataset/RagaDataset/Carnatic/features/a9413dff-91d1-4e29-ad92-c04019dce5b8/T__M__Krishna/Madrasil_Margazhi_2006/Dasarathi_Ni/Dasarathi_Ni.pitch,train,200
Carnatic,Tōḍi,8,a9413dff-91d1-4e29-ad92-c04019dce5b8,/kaggle/input/datasets/izpiz06/ragadataset/RagaDataset/Carnatic/features/a9413dff-91d1-4e29-ad92-c04019dce5b8/T__M__Krishna/December_Season_2005/Dachchuko_Valena_Dasharathi/Dachchuko_Valena_Dasharathi.pitch,train,200
Carnatic,Tōḍi,8,a9413dff-91d1-4e29-ad92-c04019dce5b8,/kaggle/input/datasets/izpiz06/ragadataset/RagaDataset/Carnatic/features/a9413dff-91d1-4e29-ad92-c04019dce5b8/Kunnakkudi_M_Balamuralikrishna/December_Season_2008/Kaddanu_Variki/Kaddanu_Variki.pitch,train,200
Carnatic,Tōḍi,8,a9413dff-91d1-4e29-ad92-c04019dce5b8,/kaggle/input/datasets/izpiz06/ragadataset/RagaDataset/Carnatic/features/a9413dff-91d1-4e29-ad92-c04019dce5b8/Sanjay_Subrahmanyan/December_Season_2010/Varnam_Eranapai_Inta/Varnam_Eranapai_Inta.pitch,train,200
Carnatic,Tōḍi,8,a9413dff-91d1-4e29-ad92-c04019dce5b8,/kaggle/input/datasets/izpiz06/ragadataset/RagaDataset/Carnatic/features/a9413dff-91d1-4e29-ad92-c04019dce5b8/Bombay_Jayashri/December_Season_2008/Emi_Jesite_Nemi/Emi_Jesite_Nemi.pitch,train,200
Carnatic,Tōḍi,8,a9413dff-91d1-4e29-ad92-c04019dce5b8,/kaggle/input/datasets/izpiz06/ragadataset/RagaDataset/Carnatic/features/a9413dff-91d1-4e29-ad92-c04019dce5b8/Amritha_Murali/December_Season_2008/Karuna_Judavamma/Karuna_Judavamma.pitch,train,200
Carnatic,Tōḍi,8,a9413dff-91d1-4e29-ad92-c04019dce5b8,/kaggle/input/datasets/izpiz06/ragadataset/RagaDataset/Carnatic/features/a9413dff-91d1-4e29-ad92-c04019dce5b8/Sanjay_Subrahmanyan/December_Season_2001/Tanigai_Valar/Tanigai_Valar.pitch,train,200
Carnatic,Tōḍi,8,a9413dff-91d1-4e29-ad92-c04019dce5b8,/kaggle/input/datasets/izpiz06/ragadataset/RagaDataset/Carnatic/features/a9413dff-91d1-4e29-ad92-c04019dce5b8/Sangeetha_Swaminathan/December_Season_2009/Jesina_Della/Jesina_Della.pitch,train,200
Carnatic,Tōḍi,8,a9413dff-91d1-4e29-ad92-c04019dce5b8,/kaggle/input/datasets/izpiz06/ragadataset/RagaDataset/Carnatic/features/a9413dff-91d1-4e29-ad92-c04019dce5b8/T__M__Krishna/December_Season_1999/Vazhi_Maraittirukkude/Vazhi_Maraittirukkude.pitch,held_out,200
Carnatic,Tōḍi,8,a9413dff-91d1-4e29-ad92-c04019dce5b8,/kaggle/input/datasets/izpiz06/ragadataset/RagaDataset/Carnatic/features/a9413dff-91d1-4e29-ad92-c04019dce5b8/Rithvik_Raja/Rithvik_Raja_at_Arkay/Emani_Migula/Emani_Migula.pitch,held_out,200
Carnatic,Tōḍi,8,a9413dff-91d1-4e29-ad92-c04019dce5b8,/kaggle/input/datasets/izpiz06/ragadataset/RagaDataset/Carnatic/features/a9413dff-91d1-4e29-ad92-c04019dce5b8/Nithyasree_Mahadevan/December_Season_2008/Sri_Krishnam_Bhaja/Sri_Krishnam_Bhaja.pitch,held_out,200
Carnatic,Śankarābharaṇaṁ,9,a2f9f182-0ceb-4531-b286-b840b47a54b8,/kaggle/input/datasets/izpiz06/ragadataset/RagaDataset/Carnatic/features/a2f9f182-0ceb-4531-b286-b840b47a54b8/M_S__Subbulakshmi/Paddhatti/Emi_Neramu/Emi_Neramu.pitch,train,200
Carnatic,Śankarābharaṇaṁ,9,a2f9f182-0ceb-4531-b286-b840b47a54b8,/kaggle/input/datasets/izpiz06/ragadataset/RagaDataset/Carnatic/features/a2f9f182-0ceb-4531-b286-b840b47a54b8/Gayathri_Venkataraghavan/December_Season_2005/Manasu_Swamidhinamayi/Manasu_Swamidhinamayi.pitch,train,200
Carnatic,Śankarābharaṇaṁ,9,a2f9f182-0ceb-4531-b286-b840b47a54b8,/kaggle/input/datasets/izpiz06/ragadataset/RagaDataset/Carnatic/features/a2f9f182-0ceb-4531-b286-b840b47a54b8/Amrutha_Venkatesh/December_Season_2007/Akshayalinga_Vibho/Akshayalinga_Vibho.pitch,train,200
Carnatic,Śankarābharaṇaṁ,9,a2f9f182-0ceb-4531-b286-b840b47a54b8,/kaggle/input/datasets/izpiz06/ragadataset/RagaDataset/Carnatic/features/a2f9f182-0ceb-4531-b286-b840b47a54b8/Sikkil_Gurucharan/December_Season_2007/Sami_Ninne/Sami_Ninne.pitch,train,200
Carnatic,Śankarābharaṇaṁ,9,a2f9f182-0ceb-4531-b286-b840b47a54b8,/kaggle/input/datasets/izpiz06/ragadataset/RagaDataset/Carnatic/features/a2f9f182-0ceb-4531-b286-b840b47a54b8/Sumithra_Vasudev/December_Season_2011/Sankaracharyam/Sankaracharyam.pitch,train,200
Carnatic,Śankarābharaṇaṁ,9,a2f9f182-0ceb-4531-b286-b840b47a54b8,/kaggle/input/datasets/izpiz06/ragadataset/RagaDataset/Carnatic/features/a2f9f182-0ceb-4531-b286-b840b47a54b8/Sumithra_Vasudev/Tasmai_Sri_Gurave_Namaha/Sri_Dakshinamurte/Sri_Dakshinamurte.pitch,train,200
Carnatic,Śankarābharaṇaṁ,9,a2f9f182-0ceb-4531-b286-b840b47a54b8,/kaggle/input/datasets/izpiz06/ragadataset/RagaDataset/Carnatic/features/a2f9f182-0ceb-4531-b286-b840b47a54b8/Sanjay_Subrahmanyan/Live_at_Kamarajar_Hall/Undan_Paada_Pankayam/Undan_Paada_Pankayam.pitch,train,200
Carnatic,Śankarābharaṇaṁ,9,a2f9f182-0ceb-4531-b286-b840b47a54b8,/kaggle/input/datasets/izpiz06/ragadataset/RagaDataset/Carnatic/features/a2f9f182-0ceb-4531-b286-b840b47a54b8/Sanjay_Subrahmanyan/Compositions_Of_Muthuswami_Dikshitar/Sundareshwaraya_Namasthe/Sundareshwaraya_Namasthe.pitch,train,200
Carnatic,Śankarābharaṇaṁ,9,a2f9f182-0ceb-4531-b286-b840b47a54b8,/kaggle/input/datasets/izpiz06/ragadataset/RagaDataset/Carnatic/features/a2f9f182-0ceb-4531-b286-b840b47a54b8/T__M__Krishna/December_Season_2008/Dakshinamurte/Dakshinamurte.pitch,train,200
Carnatic,Śankarābharaṇaṁ,9,a2f9f182-0ceb-4531-b286-b840b47a54b8,/kaggle/input/datasets/izpiz06/ragadataset/RagaDataset/Carnatic/features/a2f9f182-0ceb-4531-b286-b840b47a54b8/Sanjay_Subrahmanyan/Live_in_USA_-_Sanjay_Subrahmanyan/Shankaracharyam/Shankaracharyam.pitch,held_out,200
Carnatic,Śankarābharaṇaṁ,9,a2f9f182-0ceb-4531-b286-b840b47a54b8,/kaggle/input/datasets/izpiz06/ragadataset/RagaDataset/Carnatic/features/a2f9f182-0ceb-4531-b286-b840b47a54b8/Sanjay_Subrahmanyan/December_Season_2010/Buddhi_Raadu/Buddhi_Raadu.pitch,held_out,200
Carnatic,Śankarābharaṇaṁ,9,a2f9f182-0ceb-4531-b286-b840b47a54b8,/kaggle/input/datasets/izpiz06/ragadataset/RagaDataset/Carnatic/features/a2f9f182-0ceb-4531-b286-b840b47a54b8/Nithyasree_Mahadevan/December_Season_2007/Tukiya_Tiruvadi/Tukiya_Tiruvadi.pitch,held_out,200
Hindustani,Bhairav,10,1e7de02f-e77f-405a-a033-f31117aaf955,/kaggle/input/datasets/izpiz06/ragadataset/RagaDataset/Hindustani/features/1e7de02f-e77f-405a-a033-f31117aaf955/Abdul_Rashid_Khan/Rasan_Piya_-_Volume_4/Dir_Tana_Dir-Dir_Ta-Dir_(Tarana)_52c68301-d913-4208-adc6-c2cf8d2003d3.pitch,train,200
Hindustani,Bhairav,10,1e7de02f-e77f-405a-a033-f31117aaf955,/kaggle/input/datasets/izpiz06/ragadataset/RagaDataset/Hindustani/features/1e7de02f-e77f-405a-a033-f31117aaf955/Rashid_Khan/The_Song_Of_Shiva/Raga_Bhairav_2b1da797-d9f6-47bc-93c0-d19f5de0fa5d.pitch,train,200
Hindustani,Bhairav,10,1e7de02f-e77f-405a-a033-f31117aaf955,/kaggle/input/datasets/izpiz06/ragadataset/RagaDataset/Hindustani/features/1e7de02f-e77f-405a-a033-f31117aaf955/Abdul_Rashid_Khan/Rasan_Piya_-_Volume_4/Magwa_Pe_Rokey_Thharo_Ree_8718d4df-5fcb-419f-b209-5d34b2474a28.pitch,train,200
Hindustani,Bhairav,10,1e7de02f-e77f-405a-a033-f31117aaf955,/kaggle/input/datasets/izpiz06/ragadataset/RagaDataset/Hindustani/features/1e7de02f-e77f-405a-a033-f31117aaf955/Abdul_Rashid_Khan/Rasan_Piya_-_Volume_4/Pratham_Man_Nirankar_Devan_Man_Mahadev_30408242-719e-4efb-a72d-fc1dc2833db7.pitch,train,200
Hindustani,Bhairav,10,1e7de02f-e77f-405a-a033-f31117aaf955,/kaggle/input/datasets/izpiz06/ragadataset/RagaDataset/Hindustani/features/1e7de02f-e77f-405a-a033-f31117aaf955/Rashid_Khan/The_Song_Of_Shiva/Raga_Bhairav_c207da5f-60fa-4622-b735-a9bd3425e8fd.pitch,train,200
Hindustani,Bhairav,10,1e7de02f-e77f-405a-a033-f31117aaf955,/kaggle/input/datasets/izpiz06/ragadataset/RagaDataset/Hindustani/features/1e7de02f-e77f-405a-a033-f31117aaf955/Abdul_Rashid_Khan/Rasan_Piya_-_Volume_4/Malana_Gungh_Lao_Is_Banre_Kay_Se_Sehara_3956d76d-876b-4e34-a6dd-c8ecfc057ff8.pitch,train,200
Hindustani,Bhairav,10,1e7de02f-e77f-405a-a033-f31117aaf955,/kaggle/input/datasets/izpiz06/ragadataset/RagaDataset/Hindustani/features/1e7de02f-e77f-405a-a033-f31117aaf955/Salamat_Ali_Khan/Timeless_Music_From_Pakistan_Vol__2/Raga_Bhairav_ef6c848a-8f36-49fa-98f1-2b3d40391ddd.pitch,train,200
Hindustani,Bhairav,10,1e7de02f-e77f-405a-a033-f31117aaf955,/kaggle/input/datasets/izpiz06/ragadataset/RagaDataset/Hindustani/features/1e7de02f-e77f-405a-a033-f31117aaf955/Kumar_Gandharva/Raga_Bhairav_Ke_Prakaar/Rag_Bhairav_(Jhaptal)_3abaaa52-4c95-4e8b-beda-37bc3d01f763.pitch,train,200
Hindustani,Bhairav,10,1e7de02f-e77f-405a-a033-f31117aaf955,/kaggle/input/datasets/izpiz06/ragadataset/RagaDataset/Hindustani/features/1e7de02f-e77f-405a-a033-f31117aaf955/Kumar_Gandharva/Raag_Bhairav___Dhani/Raag_Bhairav_0a11bf6f-b55d-459c-9447-7a5a555a286f.pitch,train,200
Hindustani,Bhairav,10,1e7de02f-e77f-405a-a033-f31117aaf955,/kaggle/input/datasets/izpiz06/ragadataset/RagaDataset/Hindustani/features/1e7de02f-e77f-405a-a033-f31117aaf955/Prabha_Atre/Gaan_Prabha/Man_Re_Tu_Kar_Dhyan_5a73fd2e-2308-49c3-81de-e3baa95d2c1b.pitch,held_out,200
Hindustani,Jōg,11,063ea5a0-23b1-4bb5-8537-3d924fe8ebb3,/kaggle/input/datasets/izpiz06/ragadataset/RagaDataset/Hindustani/features/063ea5a0-23b1-4bb5-8537-3d924fe8ebb3/Ajoy_Chakrabarty/Raag_Kedar___Jog/Raag_Jog_566d6c64-ae66-45e7-9f91-e33cd6c0f18f.pitch,train,200
Hindustani,Jōg,11,063ea5a0-23b1-4bb5-8537-3d924fe8ebb3,/kaggle/input/datasets/izpiz06/ragadataset/RagaDataset/Hindustani/features/063ea5a0-23b1-4bb5-8537-3d924fe8ebb3/Jasraj/Devataa/Alaap_And_Stuti_-_Raag_Jog_86d7779a-1610-4514-83a6-883997250abe.pitch,train,200
Hindustani,Jōg,11,063ea5a0-23b1-4bb5-8537-3d924fe8ebb3,/kaggle/input/datasets/izpiz06/ragadataset/RagaDataset/Hindustani/features/063ea5a0-23b1-4bb5-8537-3d924fe8ebb3/Jasraj/Devataa/Bandish_In_Vlambit_Ektaal_-_Raag_Jog_3f66f0dc-73b7-48c4-8ad7-1f1a7dacd8bb.pitch,train,200
Hindustani,Jōg,11,063ea5a0-23b1-4bb5-8537-3d924fe8ebb3,/kaggle/input/datasets/izpiz06/ragadataset/RagaDataset/Hindustani/features/063ea5a0-23b1-4bb5-8537-3d924fe8ebb3/Shrinivas_Joshi/Swarakruti/Raga_Jog_a7f6551d-9696-4713-becb-b22acf71a7db.pitch,train,200
Hindustani,Jōg,11,063ea5a0-23b1-4bb5-8537-3d924fe8ebb3,/kaggle/input/datasets/izpiz06/ragadataset/RagaDataset/Hindustani/features/063ea5a0-23b1-4bb5-8537-3d924fe8ebb3/Amir_Khan/From_The_Archives_Of_Sangeet_Natak_Akademi/Raga_Jog_7a383e3f-b0a6-4aca-92df-e53c3d928a2d.pitch,train,200
Hindustani,Jōg,11,063ea5a0-23b1-4bb5-8537-3d924fe8ebb3,/kaggle/input/datasets/izpiz06/ragadataset/RagaDataset/Hindustani/features/063ea5a0-23b1-4bb5-8537-3d924fe8ebb3/Girija_Devi/Diva/Raag_Jog_-_Khayal_59ebf93e-fb88-4ac1-b400-000ffbc7ae3d.pitch,train,200
Hindustani,Jōg,11,063ea5a0-23b1-4bb5-8537-3d924fe8ebb3,/kaggle/input/datasets/izpiz06/ragadataset/RagaDataset/Hindustani/features/063ea5a0-23b1-4bb5-8537-3d924fe8ebb3/Brajeshwar_Mukherjee/Raag_Jog___Hameer/Raag_Jog_d0781259-2c63-4b35-8ca3-75c19a98e275.pitch,train,200
Hindustani,Jōg,11,063ea5a0-23b1-4bb5-8537-3d924fe8ebb3,/kaggle/input/datasets/izpiz06/ragadataset/RagaDataset/Hindustani/features/063ea5a0-23b1-4bb5-8537-3d924fe8ebb3/Madhup_Mudgal/Eternal_Music/Raga_Jog_baea9093-d2c8-4529-8bc8-02ce7554c555.pitch,train,200
Hindustani,Jōg,11,063ea5a0-23b1-4bb5-8537-3d924fe8ebb3,/kaggle/input/datasets/izpiz06/ragadataset/RagaDataset/Hindustani/features/063ea5a0-23b1-4bb5-8537-3d924fe8ebb3/Kaustuv_Kanti_Ganguli/Raag_Jog___Kirwani_Bhajan/Raag_Jog_99dcaebe-ab49-4fa3-ab6c-a9458143af8e.pitch,train,200
Hindustani,Jōg,11,063ea5a0-23b1-4bb5-8537-3d924fe8ebb3,/kaggle/input/datasets/izpiz06/ragadataset/RagaDataset/Hindustani/features/063ea5a0-23b1-4bb5-8537-3d924fe8ebb3/Jasraj/Devataa/Bandish_In_Drut_Teentaal_-_Raag_Jog_c02f714f-e4e6-4da6-af07-cea8a03c0e5c.pitch,held_out,200
Hindustani,Bihāg,12,a7d98897-e2fe-4d75-b9dc-e5b4dc88e1c6,/kaggle/input/datasets/izpiz06/ragadataset/RagaDataset/Hindustani/features/a7d98897-e2fe-4d75-b9dc-e5b4dc88e1c6/Abdul_Rashid_Khan/Rasan_Piya_-_Volume_1/Qutab_Rabani_Mehboob_Subhani_858a82b8-562e-4a7c-a7a2-6cbc65967e99.pitch,train,200
Hindustani,Bihāg,12,a7d98897-e2fe-4d75-b9dc-e5b4dc88e1c6,/kaggle/input/datasets/izpiz06/ragadataset/RagaDataset/Hindustani/features/a7d98897-e2fe-4d75-b9dc-e5b4dc88e1c6/Deborshee_Bhattacharya/Raag_Bihag/Raag_Bihag_f0ce173e-e69b-4baf-8c23-cdd63fd15ab1.pitch,train,200
Hindustani,Bihāg,12,a7d98897-e2fe-4d75-b9dc-e5b4dc88e1c6,/kaggle/input/datasets/izpiz06/ragadataset/RagaDataset/Hindustani/features/a7d98897-e2fe-4d75-b9dc-e5b4dc88e1c6/Abdul_Rashid_Khan/Rasan_Piya_-_Volume_1/Bane-Bane_Thane-Thane_8f983ca1-2b51-4a9f-9265-b797b09c91c9.pitch,train,200
Hindustani,Bihāg,12,a7d98897-e2fe-4d75-b9dc-e5b4dc88e1c6,/kaggle/input/datasets/izpiz06/ragadataset/RagaDataset/Hindustani/features/a7d98897-e2fe-4d75-b9dc-e5b4dc88e1c6/Abdul_Rashid_Khan/Rasan_Piya_-_Volume_1/Nayan_Bich_Dore_Lal_c8c0b93e-0e7d-4e08-a1cc-95b0eecee5db.pitch,train,200
Hindustani,Bihāg,12,a7d98897-e2fe-4d75-b9dc-e5b4dc88e1c6,/kaggle/input/datasets/izpiz06/ragadataset/RagaDataset/Hindustani/features/a7d98897-e2fe-4d75-b9dc-e5b4dc88e1c6/Manik_Bhide/The_Sanctity_of_Parampara/Bajeri_Mori_Payal_Jhanana_and_Lat_Ulajhi_Sulajha_Ja_Balam_82d9adb4-ad60-4437-b3ed-a5dda2a77f61.pitch,train,200
Hindustani,Bihāg,12,a7d98897-e2fe-4d75-b9dc-e5b4dc88e1c6,/kaggle/input/datasets/izpiz06/ragadataset/RagaDataset/Hindustani/features/a7d98897-e2fe-4d75-b9dc-e5b4dc88e1c6/Omkarnath_Thakur/An_Undying_Parampara_Vol__2/Kaise_Siukh_Soye_fecfe4a8-a68e-4ced-93d9-5d47fd4505cd.pitch,train,200
Hindustani,Bihāg,12,a7d98897-e2fe-4d75-b9dc-e5b4dc88e1c6,/kaggle/input/datasets/izpiz06/ragadataset/RagaDataset/Hindustani/features/a7d98897-e2fe-4d75-b9dc-e5b4dc88e1c6/Abdul_Rashid_Khan/Rasan_Piya_-_Volume_1/Daiya_Moko_Ka_Kahega_Logava_907e6bb0-130e-4ec5-aad0-6c768e8e9dcd.pitch,train,200
Hindustani,Bihāg,12,a7d98897-e2fe-4d75-b9dc-e5b4dc88e1c6,/kaggle/input/datasets/izpiz06/ragadataset/RagaDataset/Hindustani/features/a7d98897-e2fe-4d75-b9dc-e5b4dc88e1c6/Omkarnath_Thakur/An_Undying_Parampara_Vol__2/Ab_Ho_Lalan_Mai_3148a17b-6be7-4f5e-bc35-84196b3c64b6.pitch,train,200
Hindustani,Bihāg,12,a7d98897-e2fe-4d75-b9dc-e5b4dc88e1c6,/kaggle/input/datasets/izpiz06/ragadataset/RagaDataset/Hindustani/features/a7d98897-e2fe-4d75-b9dc-e5b4dc88e1c6/Omkar_Dadarkar/Raag_Bihag___Bhairavi_Dadra/Raag_Bihag_5d56b3ab-99d1-48c3-a785-269d74ccc944.pitch,train,200
Hindustani,Bihāg,12,a7d98897-e2fe-4d75-b9dc-e5b4dc88e1c6,/kaggle/input/datasets/izpiz06/ragadataset/RagaDataset/Hindustani/features/a7d98897-e2fe-4d75-b9dc-e5b4dc88e1c6/Abdul_Rashid_Khan/Rasan_Piya_-_Volume_1/Dhan_Dhan_Re_Tere_Ladla_ee202972-59a1-4576-9883-6e82124b356a.pitch,held_out,200
Hindustani,Bilāsakhānī tōḍī,13,dd59147d-8775-44ff-a36b-0d9f15b31319,/kaggle/input/datasets/izpiz06/ragadataset/RagaDataset/Hindustani/features/dd59147d-8775-44ff-a36b-0d9f15b31319/Satyasheel_Deshpande/Kahen/Balam_Mori_Chando_Kalaiya_62ccf764-ddbd-49d4-a05a-cda03f4192a6.pitch,train,200
Hindustani,Bilāsakhānī tōḍī,13,dd59147d-8775-44ff-a36b-0d9f15b31319,/kaggle/input/datasets/izpiz06/ragadataset/RagaDataset/Hindustani/features/dd59147d-8775-44ff-a36b-0d9f15b31319/Ajoy_Chakrabarty/The_Genius_Of_Pt__Ajoy_Chakraborty/Raga_Bilaskhani_Todi_d7510269-b26c-4735-a491-245f3c732a58.pitch,train,200
Hindustani,Bilāsakhānī tōḍī,13,dd59147d-8775-44ff-a36b-0d9f15b31319,/kaggle/input/datasets/izpiz06/ragadataset/RagaDataset/Hindustani/features/dd59147d-8775-44ff-a36b-0d9f15b31319/Girija_Devi/Masterworks_from_the_NCPA_Archives/Khyal_in_Raga_Bilaskhani_(Teental)_c6e488e4-daa6-401d-a3db-cfe3f0ae63d6.pitch,train,200
Hindustani,Bilāsakhānī tōḍī,13,dd59147d-8775-44ff-a36b-0d9f15b31319,/kaggle/input/datasets/izpiz06/ragadataset/RagaDataset/Hindustani/features/dd59147d-8775-44ff-a36b-0d9f15b31319/Jasraj/Legends__Sangeet_Martand_Pandit_Jasraj_(Vol__1)/Raga_-_Bilaskhani_Todi_e23eb921-de6e-452b-bc2f-7fbd0772c4fd.pitch,train,200
Hindustani,Bilāsakhānī tōḍī,13,dd59147d-8775-44ff-a36b-0d9f15b31319,/kaggle/input/datasets/izpiz06/ragadataset/RagaDataset/Hindustani/features/dd59147d-8775-44ff-a36b-0d9f15b31319/Basavraj_Rajaguru/The_Genius_Of_Basavraj_Rajguru/Raga_Bilashkani_Todi_182dd9f9-d3b7-4ebc-9d18-9e0544c6e8cc.pitch,train,200
Hindustani,Bilāsakhānī tōḍī,13,dd59147d-8775-44ff-a36b-0d9f15b31319,/kaggle/input/datasets/izpiz06/ragadataset/RagaDataset/Hindustani/features/dd59147d-8775-44ff-a36b-0d9f15b31319/Ajoy_Chakrabarty/Geetinandan___Part-3/Bilaskhani_Todi_3124479b-5118-4cf3-823f-8fefad45e586.pitch,train,200
Hindustani,Bilāsakhānī tōḍī,13,dd59147d-8775-44ff-a36b-0d9f15b31319,/kaggle/input/datasets/izpiz06/ragadataset/RagaDataset/Hindustani/features/dd59147d-8775-44ff-a36b-0d9f15b31319/Rashid_Khan/Evergreen/Raga_Bilaskhani_Todi_a655cf94-bb5f-4971-897a-9c20cdab828b.pitch,train,200
Hindustani,Bilāsakhānī tōḍī,13,dd59147d-8775-44ff-a36b-0d9f15b31319,/kaggle/input/datasets/izpiz06/ragadataset/RagaDataset/Hindustani/features/dd59147d-8775-44ff-a36b-0d9f15b31319/Shruti_Sadolikar/Khayal/Raga_-_Bilaskhani_Todi_cdd148c7-07e4-46c9-88d9-fbbfcea2edf5.pitch,train,200
Hindustani,Bilāsakhānī tōḍī,13,dd59147d-8775-44ff-a36b-0d9f15b31319,/kaggle/input/datasets/izpiz06/ragadataset/RagaDataset/Hindustani/features/dd59147d-8775-44ff-a36b-0d9f15b31319/Amir_Khan/The_Great_Heritage__Ustad_Amir_Khan/Raga_Bilaskhani_Todi_Bairagi_Roop_7d3f5b32-34f2-402c-b3b3-a87f1dedd3a8.pitch,train,200
Hindustani,Bilāsakhānī tōḍī,13,dd59147d-8775-44ff-a36b-0d9f15b31319,/kaggle/input/datasets/izpiz06/ragadataset/RagaDataset/Hindustani/features/dd59147d-8775-44ff-a36b-0d9f15b31319/Kaushiki_Chakrabarty/Manomay/Raga_Bilaskhani_Todi_-_Vilambit__Drut_Khayal_b20456b8-7abc-4158-bb53-5ea8d80e5999.pitch,held_out,200
Hindustani,Darbāri,14,118401e7-8de8-4d81-9d8e-8070889e3fa8,/kaggle/input/datasets/izpiz06/ragadataset/RagaDataset/Hindustani/features/118401e7-8de8-4d81-9d8e-8070889e3fa8/Jasraj/Legends__Sangeet_Martand_Pandit_Jasraj_(Vol__5)/Raga_-_Darbari_6e4dea78-ec22-479a-9e3c-c253a6deba7c.pitch,train,200
Hindustani,Darbāri,14,118401e7-8de8-4d81-9d8e-8070889e3fa8,/kaggle/input/datasets/izpiz06/ragadataset/RagaDataset/Hindustani/features/118401e7-8de8-4d81-9d8e-8070889e3fa8/Jayateerth_Mevundi/Jayateerth_Mevundi_Classical_Vocal/Raga_Darbari_Kanada_b0434093-2d8b-4c8d-aaa8-7fb44bd1ce0e.pitch,train,200
Hindustani,Darbāri,14,118401e7-8de8-4d81-9d8e-8070889e3fa8,/kaggle/input/datasets/izpiz06/ragadataset/RagaDataset/Hindustani/features/118401e7-8de8-4d81-9d8e-8070889e3fa8/Rashid_Khan/One___Only_Rashid/Bandish_in_Raag_Darbari_8d01b397-5d3f-4fdd-8c9a-a8a3a4e18709.pitch,train,200
Hindustani,Darbāri,14,118401e7-8de8-4d81-9d8e-8070889e3fa8,/kaggle/input/datasets/izpiz06/ragadataset/RagaDataset/Hindustani/features/118401e7-8de8-4d81-9d8e-8070889e3fa8/Jayateerth_Mevundi/Raag_Darbari__Rendition_of_Late_Evening_Raga/Raag_Darbari_7ee9570e-7f04-4f1c-819a-ec044318e15c.pitch,train,200
Hindustani,Darbāri,14,118401e7-8de8-4d81-9d8e-8070889e3fa8,/kaggle/input/datasets/izpiz06/ragadataset/RagaDataset/Hindustani/features/118401e7-8de8-4d81-9d8e-8070889e3fa8/Bade_Ghulam_Ali_Khan/Ustad_Bade_Ghulam_Ali_Khan/Raga_Darbari_Kanada_98e14bae-50ae-4c9b-bb39-693ef89fc5b2.pitch,train,200
Hindustani,Darbāri,14,118401e7-8de8-4d81-9d8e-8070889e3fa8,/kaggle/input/datasets/izpiz06/ragadataset/RagaDataset/Hindustani/features/118401e7-8de8-4d81-9d8e-8070889e3fa8/Ulhas_Kashalkar/Mellow_Moods/Raga_-_Darbari_Kanada_91bbdaa0-551d-454b-97f3-67c89c72f8d5.pitch,train,200
Hindustani,Darbāri,14,118401e7-8de8-4d81-9d8e-8070889e3fa8,/kaggle/input/datasets/izpiz06/ragadataset/RagaDataset/Hindustani/features/118401e7-8de8-4d81-9d8e-8070889e3fa8/Madhup_Mudgal/Eternal_Music/Raga_Darbari_Kanhada_1f5947f8-e4b8-47e4-86a6-8a817dbf8554.pitch,train,200
Hindustani,Darbāri,14,118401e7-8de8-4d81-9d8e-8070889e3fa8,/kaggle/input/datasets/izpiz06/ragadataset/RagaDataset/Hindustani/features/118401e7-8de8-4d81-9d8e-8070889e3fa8/Ajay_Pohankar/Mehfil/Raag_Darbari_f5a6ba75-7be0-4a67-b1c3-3e49b060d384.pitch,train,200
Hindustani,Darbāri,14,118401e7-8de8-4d81-9d8e-8070889e3fa8,/kaggle/input/datasets/izpiz06/ragadataset/RagaDataset/Hindustani/features/118401e7-8de8-4d81-9d8e-8070889e3fa8/Ghulam_Mustafa_Khan/Timeless/Darbari_Kanada_f5cb8fde-2483-407c-896e-1d5a777aac2e.pitch,train,200
Hindustani,Darbāri,14,118401e7-8de8-4d81-9d8e-8070889e3fa8,/kaggle/input/datasets/izpiz06/ragadataset/RagaDataset/Hindustani/features/118401e7-8de8-4d81-9d8e-8070889e3fa8/Rashid_Khan/The_Genius_Of_Ustad_Rashid_Khan/Raga_Darbari_Kanada_-_Vilambit_Khayal_In_Ek_Iaal_-_Drut_Khayal_In_Teen_Taal_01df0bee-b090-4b1d-bbdc-84e1c436635b.pitch,held_out,200
Hindustani,Khamāj,15,93c73081-bdf8-4eca-b325-d736b71e9b4b,/kaggle/input/datasets/izpiz06/ragadataset/RagaDataset/Hindustani/features/93c73081-bdf8-4eca-b325-d736b71e9b4b/Abdul_Rashid_Khan/Rasan_Piya_-_Volume_1/Chanchal_Chatur_Nodar_Kanhale_-_Khamaj_5c3bd389-696a-4ffd-93af-94b68343e9b7.pitch,train,200
Hindustani,Khamāj,15,93c73081-bdf8-4eca-b325-d736b71e9b4b,/kaggle/input/datasets/izpiz06/ragadataset/RagaDataset/Hindustani/features/93c73081-bdf8-4eca-b325-d736b71e9b4b/Abdul_Rashid_Khan/Rasan_Piya_-_Volume_2/Laagun_Re_Junaiyan_Tere_Paiyan_eb7fce60-8232-44ee-ad0a-571bb15003fb.pitch,train,200
Hindustani,Khamāj,15,93c73081-bdf8-4eca-b325-d736b71e9b4b,/kaggle/input/datasets/izpiz06/ragadataset/RagaDataset/Hindustani/features/93c73081-bdf8-4eca-b325-d736b71e9b4b/Ajoy_Chakrabarty/Ajoy_Chakrabarty-Vocal/Drut_Bandish_In_Tintal_b267996c-c857-4774-9cf6-5f7cec7413d7.pitch,train,200
Hindustani,Khamāj,15,93c73081-bdf8-4eca-b325-d736b71e9b4b,/kaggle/input/datasets/izpiz06/ragadataset/RagaDataset/Hindustani/features/93c73081-bdf8-4eca-b325-d736b71e9b4b/Ajoy_Chakrabarty/Ajoy_Chakrabarty-Vocal/Drut_Bandish_In_Tintal_9ce13d3a-f853-490c-a706-39283372eb0e.pitch,train,200
Hindustani,Khamāj,15,93c73081-bdf8-4eca-b325-d736b71e9b4b,/kaggle/input/datasets/izpiz06/ragadataset/RagaDataset/Hindustani/features/93c73081-bdf8-4eca-b325-d736b71e9b4b/Abdul_Rashid_Khan/Rasan_Piya_-_Volume_2/Dekho_Dekho_Aaj_Shyam_dcc4b6e9-15ef-4662-acbe-8666af8cbca5.pitch,train,200
Hindustani,Khamāj,15,93c73081-bdf8-4eca-b325-d736b71e9b4b,"/kaggle/input/datasets/izpiz06/ragadataset/RagaDataset/Hindustani/features/93c73081-bdf8-4eca-b325-d736b71e9b4b/Ajoy_Chakrabarty/Raag_Abhogi,_Rageshree___Khamaj/Raag_Khamaj_c556b631-111f-42e8-aa98-e02f0777be9e.pitch",train,200
Hindustani,Khamāj,15,93c73081-bdf8-4eca-b325-d736b71e9b4b,/kaggle/input/datasets/izpiz06/ragadataset/RagaDataset/Hindustani/features/93c73081-bdf8-4eca-b325-d736b71e9b4b/Ajoy_Chakrabarty/Ajoy_Chakrabarty-Vocal/Vilambit_Bandish_In_Ektal_88210cd2-6440-4868-b6aa-3aeb403b4feb.pitch,train,200
Hindustani,Khamāj,15,93c73081-bdf8-4eca-b325-d736b71e9b4b,/kaggle/input/datasets/izpiz06/ragadataset/RagaDataset/Hindustani/features/93c73081-bdf8-4eca-b325-d736b71e9b4b/Abdul_Rashid_Khan/Rasan_Piya_-_Volume_2/Kab_Ghar_Aao_Piya_More_Paas_76f343ce-a0ce-40c0-89aa-969c75a8cec2.pitch,train,200
Hindustani,Khamāj,15,93c73081-bdf8-4eca-b325-d736b71e9b4b,/kaggle/input/datasets/izpiz06/ragadataset/RagaDataset/Hindustani/features/93c73081-bdf8-4eca-b325-d736b71e9b4b/Abdul_Rashid_Khan/Rasan_Piya_-_Volume_2/Tair_Sunaye_Re_Papihara_b3f5d314-c817-41e1-b6a2-df3c260c8c63.pitch,train,200
Hindustani,Khamāj,15,93c73081-bdf8-4eca-b325-d736b71e9b4b,/kaggle/input/datasets/izpiz06/ragadataset/RagaDataset/Hindustani/features/93c73081-bdf8-4eca-b325-d736b71e9b4b/Ajoy_Chakrabarty/Ajoy_Chakrabarty-Vocal/Madhya_Bandish_In_Jhaptal_e0c1cf84-1bb3-4e8b-84d4-0f659976d576.pitch,held_out,200
Hindustani,Dēś,16,62b79291-73b0-4c77-a353-0f8bc6ed8362,/kaggle/input/datasets/izpiz06/ragadataset/RagaDataset/Hindustani/features/62b79291-73b0-4c77-a353-0f8bc6ed8362/Abdul_Rashid_Khan/Rasan_Piya_-_Volume_3/Garajat_Baadar_Chaunk_Pari_Mai_f0de74aa-416f-4da7-b2d8-c02cd6da978e.pitch,train,200
Hindustani,Dēś,16,62b79291-73b0-4c77-a353-0f8bc6ed8362,/kaggle/input/datasets/izpiz06/ragadataset/RagaDataset/Hindustani/features/62b79291-73b0-4c77-a353-0f8bc6ed8362/Rashid_Khan/Vocal/Raga_Desh_c7073b30-cb25-4ed4-a2f3-9d75fe9cd1e8.pitch,train,200
Hindustani,Dēś,16,62b79291-73b0-4c77-a353-0f8bc6ed8362,/kaggle/input/datasets/izpiz06/ragadataset/RagaDataset/Hindustani/features/62b79291-73b0-4c77-a353-0f8bc6ed8362/Abdul_Rashid_Khan/Rasan_Piya_-_Volume_1/Haare_-Haare_Haare_Piya_-_Desh_39f429c9-ee16-414d-b8d0-fbf1d0bc6e79.pitch,train,200
Hindustani,Dēś,16,62b79291-73b0-4c77-a353-0f8bc6ed8362,/kaggle/input/datasets/izpiz06/ragadataset/RagaDataset/Hindustani/features/62b79291-73b0-4c77-a353-0f8bc6ed8362/Veena_Sahasrabuddhe/Ritu_Chakra_Vol__3/Raga_Desh_e3a55c80-653e-4587-aca9-bf6c7245c459.pitch,train,200
Hindustani,Dēś,16,62b79291-73b0-4c77-a353-0f8bc6ed8362,/kaggle/input/datasets/izpiz06/ragadataset/RagaDataset/Hindustani/features/62b79291-73b0-4c77-a353-0f8bc6ed8362/Abdul_Rashid_Khan/Rasan_Piya_-_Volume_3/Saiya_More_Savari_Surat_Man_Baso_Re_2a853a15-4376-4a0a-8b3f-7a55d652f464.pitch,train,200
Hindustani,Dēś,16,62b79291-73b0-4c77-a353-0f8bc6ed8362,/kaggle/input/datasets/izpiz06/ragadataset/RagaDataset/Hindustani/features/62b79291-73b0-4c77-a353-0f8bc6ed8362/Abdul_Rashid_Khan/Rasan_Piya_-_Volume_3/Nanadiya_Tora_Bhavan_Na_Bhave_a5381523-347b-47bc-8645-a95d24a9a666.pitch,train,200
Hindustani,Dēś,16,62b79291-73b0-4c77-a353-0f8bc6ed8362,/kaggle/input/datasets/izpiz06/ragadataset/RagaDataset/Hindustani/features/62b79291-73b0-4c77-a353-0f8bc6ed8362/Rashid_Khan/Vocal/Raga_Desh_b97c32e5-f9ab-465d-b651-681016323409.pitch,train,200
Hindustani,Dēś,16,62b79291-73b0-4c77-a353-0f8bc6ed8362,/kaggle/input/datasets/izpiz06/ragadataset/RagaDataset/Hindustani/features/62b79291-73b0-4c77-a353-0f8bc6ed8362/Rashid_Khan/Live_At_Sunny_Towers_Vol-2/Karam_Kara_Dije_695a5b9b-fdbe-4a02-914f-b40f46df4367.pitch,train,200
Hindustani,Dēś,16,62b79291-73b0-4c77-a353-0f8bc6ed8362,/kaggle/input/datasets/izpiz06/ragadataset/RagaDataset/Hindustani/features/62b79291-73b0-4c77-a353-0f8bc6ed8362/Sanjeev_Abhyankar/Jiyaraa/Manwaa_Naahi_Laage_97a04401-5a5a-4951-9b94-cce8fbc302cf.pitch,train,200
Hindustani,Dēś,16,62b79291-73b0-4c77-a353-0f8bc6ed8362,/kaggle/input/datasets/izpiz06/ragadataset/RagaDataset/Hindustani/features/62b79291-73b0-4c77-a353-0f8bc6ed8362/Ulhas_Kashalkar/Khayalnuma/Des_c8724201-ecfd-44be-af53-5f436564d062.pitch,held_out,200
Hindustani,Miyān malhār,17,1b05a564-059f-445b-b325-cf26318367e3,/kaggle/input/datasets/izpiz06/ragadataset/RagaDataset/Hindustani/features/1b05a564-059f-445b-b325-cf26318367e3/Bhimsen_Joshi/Naad_Brahma_-_The_Eternal_Voice_Volume_1/Raga_Mian_Ki_Malhar_-_Vilambit_Khayal_In_Ektaal_9cb37475-852e-4f7c-81c6-78824d08b839.pitch,train,200
Hindustani,Miyān malhār,17,1b05a564-059f-445b-b325-cf26318367e3,/kaggle/input/datasets/izpiz06/ragadataset/RagaDataset/Hindustani/features/1b05a564-059f-445b-b325-cf26318367e3/Veena_Sahasrabuddhe/Tribute_To_Miyan_Tansen_Vol-1/Karim_Naam_Tero_and_Gahar_Aayo_Re_Badarva_6848a21a-20da-4023-a608-332870105a92.pitch,train,200
Hindustani,Miyān malhār,17,1b05a564-059f-445b-b325-cf26318367e3,/kaggle/input/datasets/izpiz06/ragadataset/RagaDataset/Hindustani/features/1b05a564-059f-445b-b325-cf26318367e3/Satyasheel_Deshpande/Raag_Mian_Malhar___Ramdasi_Malhar/Raag_Mian_Malhar_adf0b8ea-cc74-410f-bd52-d59c08c78783.pitch,train,200
Hindustani,Miyān malhār,17,1b05a564-059f-445b-b325-cf26318367e3,/kaggle/input/datasets/izpiz06/ragadataset/RagaDataset/Hindustani/features/1b05a564-059f-445b-b325-cf26318367e3/C_R_Vyas/Legends_Forever/Raga_Mian_Malhar_-_Vilambit_9010c587-1419-425c-966c-cfbb6b80891f.pitch,train,200
Hindustani,Miyān malhār,17,1b05a564-059f-445b-b325-cf26318367e3,/kaggle/input/datasets/izpiz06/ragadataset/RagaDataset/Hindustani/features/1b05a564-059f-445b-b325-cf26318367e3/Kumar_Gandharv/The_Genius_Of_Pt__Kumar_Gandharv/Raga_Miyan_Malhar_6c573272-1f4a-4504-b7e1-996f877e1e15.pitch,train,200
Hindustani,Miyān malhār,17,1b05a564-059f-445b-b325-cf26318367e3,/kaggle/input/datasets/izpiz06/ragadataset/RagaDataset/Hindustani/features/1b05a564-059f-445b-b325-cf26318367e3/Jasraj/Classical_Wonders_of_India/Raga_Miyan_Ki_Malhar_dcd3f7ef-a962-4664-8cbb-3902ad43d935.pitch,train,200
Hindustani,Miyān malhār,17,1b05a564-059f-445b-b325-cf26318367e3,/kaggle/input/datasets/izpiz06/ragadataset/RagaDataset/Hindustani/features/1b05a564-059f-445b-b325-cf26318367e3/Deborshee_Bhattacharya/Raag_Mian_Malhar___Ramdasi_Malhar/Raag_Mian_Malhar_1f9922a5-0366-4461-96ac-81a31703416b.pitch,train,200
Hindustani,Miyān malhār,17,1b05a564-059f-445b-b325-cf26318367e3,/kaggle/input/datasets/izpiz06/ragadataset/RagaDataset/Hindustani/features/1b05a564-059f-445b-b325-cf26318367e3/Rashid_Khan/One___Only_Rashid/Bijuri_Chamake_Barase_916fd45f-ddda-49e2-be63-207fc56a411e.pitch,train,200
Hindustani,Miyān malhār,17,1b05a564-059f-445b-b325-cf26318367e3,/kaggle/input/datasets/izpiz06/ragadataset/RagaDataset/Hindustani/features/1b05a564-059f-445b-b325-cf26318367e3/Bhimsen_Joshi/Raagadhiraj/Kareem_Naam_and_At_Ghumar_Aayi_Badariya_37686ac1-797f-44f5-a3c9-5e8690beb8ec.pitch,train,200
Hindustani,Miyān malhār,17,1b05a564-059f-445b-b325-cf26318367e3,/kaggle/input/datasets/izpiz06/ragadataset/RagaDataset/Hindustani/features/1b05a564-059f-445b-b325-cf26318367e3/Prabha_Atre/Chaitanya/Raga_Miyan_Malhar_Khayal_3ce024ce-395c-45a7-9236-ac282eb21aa3.pitch,held_out,200
Hindustani,Yaman kalyāṇ,18,48b37bed-e847-4882-8a01-5c721e07f07d,/kaggle/input/datasets/izpiz06/ragadataset/RagaDataset/Hindustani/features/48b37bed-e847-4882-8a01-5c721e07f07d/Ajoy_Chakrabarty/The_Genius_Of_Pt__Ajoy_Chakraborty/Raga_Yaman_e59642ca-72bc-466b-bf4b-d82bfbc7b4af.pitch,train,200
Hindustani,Yaman kalyāṇ,18,48b37bed-e847-4882-8a01-5c721e07f07d,/kaggle/input/datasets/izpiz06/ragadataset/RagaDataset/Hindustani/features/48b37bed-e847-4882-8a01-5c721e07f07d/Bhimsen_Joshi/A_Rare_Treat/Yaman_Kalyan_aa93fca9-362d-4ea4-952f-65006746b888.pitch,train,200
Hindustani,Yaman kalyāṇ,18,48b37bed-e847-4882-8a01-5c721e07f07d,/kaggle/input/datasets/izpiz06/ragadataset/RagaDataset/Hindustani/features/48b37bed-e847-4882-8a01-5c721e07f07d/Veena_Sahasrabuddhe/Celestial/Deo_daan_mohe_a2c54654-2699-489a-95ab-623fc903281a.pitch,train,200
Hindustani,Yaman kalyāṇ,18,48b37bed-e847-4882-8a01-5c721e07f07d,/kaggle/input/datasets/izpiz06/ragadataset/RagaDataset/Hindustani/features/48b37bed-e847-4882-8a01-5c721e07f07d/Jagdish_Prasad/Jewel_of_Jewels/Raga_Yaman_37c79233-b5d7-4517-a393-37784702c4ce.pitch,train,200
Hindustani,Yaman kalyāṇ,18,48b37bed-e847-4882-8a01-5c721e07f07d,/kaggle/input/datasets/izpiz06/ragadataset/RagaDataset/Hindustani/features/48b37bed-e847-4882-8a01-5c721e07f07d/Shashank_Maktedar/Hidden_Gems/Raga_Yaman_a7a805ef-66c7-47aa-ad38-371c13fa3761.pitch,train,200
Hindustani,Yaman kalyāṇ,18,48b37bed-e847-4882-8a01-5c721e07f07d,/kaggle/input/datasets/izpiz06/ragadataset/RagaDataset/Hindustani/features/48b37bed-e847-4882-8a01-5c721e07f07d/Abdul_Rashid_Khan/Rasan_Piya_-_Volume_4/Are_Lalju_Ab_Tum_Kahey_Baat_Banawat_6acdbda5-8c44-4dd4-8aea-dc024c7f65b6.pitch,train,200
Hindustani,Yaman kalyāṇ,18,48b37bed-e847-4882-8a01-5c721e07f07d,"/kaggle/input/datasets/izpiz06/ragadataset/RagaDataset/Hindustani/features/48b37bed-e847-4882-8a01-5c721e07f07d/Omkar_Dadarkar/Raag_Bahar,_Gaud_Malhar___Yaman/Raag_Yaman_c76cadd9-9e7b-4e9e-96dc-f79a9a8eed78.pitch",train,200
Hindustani,Yaman kalyāṇ,18,48b37bed-e847-4882-8a01-5c721e07f07d,/kaggle/input/datasets/izpiz06/ragadataset/RagaDataset/Hindustani/features/48b37bed-e847-4882-8a01-5c721e07f07d/Hirabai_Barodekar/The_Great_Heritage__Hirabai_Barodekar/Raga_-_Yaman_72b3199c-c49d-4f50-b959-e1bf6abab98e.pitch,train,200
Hindustani,Yaman kalyāṇ,18,48b37bed-e847-4882-8a01-5c721e07f07d,/kaggle/input/datasets/izpiz06/ragadataset/RagaDataset/Hindustani/features/48b37bed-e847-4882-8a01-5c721e07f07d/Prabha_Atre/Gaan_Prabha/Man_Tu_Gaa_Re_Hari_Naam_fe984e34-eae6-4dcf-bf70-159923c26fe6.pitch,train,200
Hindustani,Yaman kalyāṇ,18,48b37bed-e847-4882-8a01-5c721e07f07d,/kaggle/input/datasets/izpiz06/ragadataset/RagaDataset/Hindustani/features/48b37bed-e847-4882-8a01-5c721e07f07d/Bhimsen_Joshi/Raagadhiraj/Ay_Piya_Bin_Kaise_Taroge_and_Eri_Aali_Piya_Bin_e2bfec5e-df30-42b5-9157-e4fd102a78a6.pitch,held_out,200
Hindustani,Śrī,19,46997b02-f09c-4969-8138-4e1861f61967,"/kaggle/input/datasets/izpiz06/ragadataset/RagaDataset/Hindustani/features/46997b02-f09c-4969-8138-4e1861f61967/Kaustuv_Kanti_Ganguli/Raag_Shree,_Lalit_Pancham___Bhairavi_Thumri/Raag_Shree_454f0c85-a41b-48c1-afa5-b4f5dbcb7947.pitch",train,200
Hindustani,Śrī,19,46997b02-f09c-4969-8138-4e1861f61967,/kaggle/input/datasets/izpiz06/ragadataset/RagaDataset/Hindustani/features/46997b02-f09c-4969-8138-4e1861f61967/Omkar_Dadarkar/Raag_Marwa___Shree/Raag_Shree_f3313201-ab83-4633-b463-60b862ab1a21.pitch,train,200
Hindustani,Śrī,19,46997b02-f09c-4969-8138-4e1861f61967,/kaggle/input/datasets/izpiz06/ragadataset/RagaDataset/Hindustani/features/46997b02-f09c-4969-8138-4e1861f61967/C_R_Vyas/The_Eternal_Rhapsody/Raga_Shree_-_Alap_077d538e-545a-4098-8997-76742fb26d39.pitch,train,200
Hindustani,Śrī,19,46997b02-f09c-4969-8138-4e1861f61967,/kaggle/input/datasets/izpiz06/ragadataset/RagaDataset/Hindustani/features/46997b02-f09c-4969-8138-4e1861f61967/Deborshee_Bhattacharya/Raag_Shree/Raag_Shree_b3a43a82-b3c3-49bf-bd3d-db561c1ec355.pitch,train,200
Hindustani,Śrī,19,46997b02-f09c-4969-8138-4e1861f61967,/kaggle/input/datasets/izpiz06/ragadataset/RagaDataset/Hindustani/features/46997b02-f09c-4969-8138-4e1861f61967/Mallikarjun_Mansur/Rare_Ragas_-_Raag_Sree/Raag_Shree_113d82be-a83c-4c43-9393-6377fcd982bf.pitch,train,200
Hindustani,Śrī,19,46997b02-f09c-4969-8138-4e1861f61967,/kaggle/input/datasets/izpiz06/ragadataset/RagaDataset/Hindustani/features/46997b02-f09c-4969-8138-4e1861f61967/Kumar_Mardur/Classical_Essence/Raga_Shree_f5999e30-d00d-4837-b9c6-5328768ae22d.pitch,train,200
Hindustani,Śrī,19,46997b02-f09c-4969-8138-4e1861f61967,/kaggle/input/datasets/izpiz06/ragadataset/RagaDataset/Hindustani/features/46997b02-f09c-4969-8138-4e1861f61967/C_R_Vyas/The_Eternal_Rhapsody/Raga_Shree_-_Soon_Le_Ho_Araj_Mora_6502220f-ec92-4308-99d4-3922f41579aa.pitch,train,200
Hindustani,Śrī,19,46997b02-f09c-4969-8138-4e1861f61967,/kaggle/input/datasets/izpiz06/ragadataset/RagaDataset/Hindustani/features/46997b02-f09c-4969-8138-4e1861f61967/Ajoy_Chakrabarty/Subha_Chale_Sham_Dhale/Raga_Shree_-_Khayal_6ac112dd-b04f-4ad8-9913-1a1bfc35c5ec.pitch,train,200
Hindustani,Śrī,19,46997b02-f09c-4969-8138-4e1861f61967,/kaggle/input/datasets/izpiz06/ragadataset/RagaDataset/Hindustani/features/46997b02-f09c-4969-8138-4e1861f61967/Kaustuv_Kanti_Ganguli/Raag_Shree/Raag_Shree_928a430e-813e-48b0-8a23-566e74aa8dc9.pitch,train,200
Hindustani,Śrī,19,46997b02-f09c-4969-8138-4e1861f61967,/kaggle/input/datasets/izpiz06/ragadataset/RagaDataset/Hindustani/features/46997b02-f09c-4969-8138-4e1861f61967/C_R_Vyas/The_Eternal_Rhapsody/Raga_Shree_-_Kahe_Dar_Paun_Main_1b3714f7-9cab-4674-8d19-c9aad8801d29.pitch,held_out,200
